date,fed_funds_rate,treasury_10y_rate,yield_spread,inflation_yoy,real_policy_rate,housing_starts
07-01-54,0.8,,,,,
08-01-54,1.22,,,,,
09-01-54,1.07,,,,,
10-01-54,0.85,,,,,
11-01-54,0.83,,,,,
12-01-54,1.28,,,,,
01-01-55,1.39,,,,,
02-01-55,1.29,,,,,
03-01-55,1.35,,,,,
04-01-55,1.43,,,,,
05-01-55,1.43,,,,,
06-01-55,1.64,,,,,
07-01-55,1.68,,,-0.37230099999999999,2.0523009999999999,
08-01-55,1.96,,,-0.484171000000000,2.444171000000000,
09-01-55,2.18,,,0.14919800000000000,2.030802000000000,
10-01-55,2.24,,,0.37425100000000000,1.8657490000000001,
11-01-55,2.35,,,0.37341299999999999,1.9765870000000001,
12-01-55,2.48,,,0.37355200000000000,2.106448000000000,
01-01-56,2.45,,,0.22413100000000000,2.2258689999999999,
02-01-56,2.5,,,0.1491420000000000,2.3508580000000001,
03-01-56,2.5,,,0.3732740000000000,2.126726000000000,
04-01-56,2.62,,,0.5225830000000000,2.097417000000000,
05-01-56,2.75,,,0.9712360000000000,1.7787640000000000,
06-01-56,2.71,,,1.647323000000000,1.062677000000000,
07-01-56,2.75,,,1.9805680000000001,0.7694320000000000,
08-01-56,2.73,,,2.208084000000000,0.521916000000000,
09-01-56,2.95,,,1.862197000000000,1.0878030000000001,
10-01-56,2.96,,,2.572707000000000,0.387293000000000,
11-01-56,2.88,,,2.34375,0.5362500000000000,
12-01-56,2.94,,,2.828433000000000,0.11156700000000000,
01-01-57,2.84,,,3.130824000000000,-0.2908240000000000,
02-01-57,3.0,,,3.4996280000000000,-0.4996280000000000,
03-01-57,2.96,,,3.607289000000000,-0.6472890000000000,
04-01-57,3.0,,,3.713331000000000,-0.7133310000000000,
05-01-57,3.0,,,3.588605000000000,-0.588605000000000,
06-01-57,3.0,,,3.53591200000000,-0.5359120000000001,
07-01-57,2.99,,,3.2979110000000000,-0.30791099999999999,
08-01-57,3.24,,,3.551813000000000,-0.31181300000000001,
09-01-57,3.47,,,3.546618000000000,-0.07661800000000001,
10-01-57,3.5,,,2.944384000000000,0.555616000000000,
11-01-57,3.28,,,3.271538000000000,0.008462000000000001,
12-01-57,2.98,,,3.0401739999999999,-0.06017400000000000,
01-01-58,2.72,,,3.5056020000000001,-0.7856020000000000,
02-01-58,1.67,,,3.237410000000000,-1.5674100000000000,
03-01-58,1.2,,,3.6252689999999999,-2.425269000000000,
04-01-58,1.26,,,3.6161829999999999,-2.356183000000000,
05-01-58,0.63,,,3.3571430000000002,-2.7271429999999999,
06-01-58,0.93,,,2.8459620000000001,-1.9159619999999999,
07-01-58,0.68,,,2.483150000000000,-1.8031500000000000,
08-01-58,1.53,,,2.333805000000000,-0.8038050000000000,
09-01-58,1.76,,,2.083333000000000,-0.3233330000000000,
10-01-58,1.8,,,2.083333000000000,-0.2833330000000000,
11-01-58,2.27,,,1.9007390000000000,0.36926100000000001,
12-01-58,2.42,,,1.7562350000000000,0.6637650000000000,
01-01-59,2.48,,,1.2918989999999999,1.1881010000000001,1657.0
02-01-59,2.43,,,1.0452960000000000,1.384704000000000,1667.0
03-01-59,2.8,,,0.3463800000000000,2.4536199999999999,1620.0
04-01-59,2.96,,,0.13821700000000001,2.8217829999999999,1590.0
05-01-59,2.9,,,0.3455430000000000,2.5544570000000002,1498.0
06-01-59,3.39,,,0.6918020000000000,2.6981980000000001,1503.0
07-01-59,3.47,,,0.8999650000000000,2.570035000000000,1547.0
08-01-59,3.5,,,0.8293020000000000,2.670698000000000,1430.0
09-01-59,3.76,,,1.1760640000000000,2.5839360000000000,1540.0
10-01-59,3.98,,,1.5219650000000000,2.4580350000000002,1355.0
11-01-59,4.0,,,1.3816930000000001,2.6183070000000002,1416.0
12-01-59,3.99,,,1.5188130000000000,2.471187000000000,1601.0
01-01-60,3.99,,,1.2409509999999999,2.749049000000000,1460.0
02-01-60,3.97,,,1.4137930000000001,2.5562070000000001,1503.0
03-01-60,3.84,,,1.5188130000000000,2.3211870000000001,1109.0
04-01-60,3.92,,,1.9323669999999999,1.9876330000000000,1289.0
05-01-60,3.85,,,1.8250690000000001,2.0249310000000000,1271.0
06-01-60,3.32,,,1.7176229999999999,1.6023769999999999,1247.0
07-01-60,3.23,,,1.3722129999999999,1.8577870000000001,1197.0
08-01-60,2.98,,,1.473612000000000,1.506388000000000,1344.0
09-01-60,2.6,,,1.2307690000000000,1.3692310000000001,1097.0
10-01-60,2.47,,,1.3628620000000000,1.107138000000000,1246.0
11-01-60,2.44,,,1.4650770000000000,0.9749230000000000,1246.0
12-01-60,1.98,,,1.3600820000000000,0.6199180000000000,1063.0
01-01-61,1.45,,,1.6002719999999999,-0.1502720000000000,1183.0
02-01-61,2.54,,,1.4620880000000001,1.0779120000000000,1226.0
03-01-61,2.02,,,1.4620880000000001,0.5579120000000000,1312.0
04-01-61,1.49,,,0.9140150000000000,0.5759850000000000,1166.0
05-01-61,1.98,,,0.9130880000000000,1.0669120000000001,1228.0
06-01-61,1.73,,,0.7767650000000000,0.9532350000000001,1382.0
07-01-61,1.17,,,1.25211500000000,-0.08211499999999999,1335.0
08-01-61,2.0,,,1.1144879999999999,0.8855120000000000,1312.0
09-01-61,1.88,,,1.249578000000000,0.630422000000000,1429.0
10-01-61,2.26,,,0.7731090000000000,1.4868910000000000,1415.0
11-01-61,2.61,,,0.671592000000000,1.9384079999999999,1385.0
12-01-61,2.33,,,0.6709160000000000,1.6590840000000000,1365.0
01-01-62,2.15,4.083182000000000,1.9331820000000000,0.6702410000000000,1.4797590000000000,1361.0
02-01-62,2.37,4.039444000000000,1.6694439999999999,0.9048260000000000,1.4651740000000000,1278.0
03-01-62,2.85,3.930455000000000,1.0804549999999999,1.1058980000000000,1.7441020000000000,1443.0
04-01-62,2.78,3.843,1.0629999999999999,1.3418319999999999,1.4381679999999999,1524.0
05-01-62,2.36,3.8736359999999999,1.5136360000000000,1.3404830000000001,1.0195170000000000,1483.0
06-01-62,2.68,3.909048000000000,1.229048000000000,1.2399460000000000,1.4400539999999999,1404.0
07-01-62,2.71,4.014286000000000,1.3042860000000001,1.0026740000000001,1.7073259999999999,1450.0
08-01-62,2.93,3.9756520000000002,1.045652000000000,1.135605000000000,1.794395000000000,1517.0
09-01-62,2.9,3.978947000000000,1.0789470000000001,1.4676450000000001,1.4323550000000000,1324.0
10-01-62,2.9,3.9254549999999999,1.0254550000000000,1.3342229999999999,1.56577700000000,1533.0
11-01-62,2.94,3.9157890000000002,0.9757890000000000,1.3342229999999999,1.60577700000000,1622.0
12-01-62,2.93,3.8645000000000000,0.9345000000000000,1.2329220000000001,1.697078000000000,1564.0
01-01-63,2.92,3.833636000000000,0.913636000000000,1.331558000000000,1.588442000000000,1244.0
02-01-63,3.0,3.921111000000000,0.9211110000000000,1.2288280000000000,1.7711720000000000,1456.0
03-01-63,2.98,3.9285709999999998,0.9485710000000001,1.1269469999999999,1.8530530000000001,1534.0
04-01-63,2.9,3.970952000000000,1.0709519999999999,0.893744000000000,2.006256000000000,1689.0
05-01-63,3.0,3.93,0.9300000000000000,0.8928570000000000,2.107143000000000,1641.0
06-01-63,2.99,3.993,1.0029999999999999,1.3240650000000000,1.6659349999999999,1588.0
07-01-63,3.02,4.0204550000000001,1.0004550000000001,1.5552610000000000,1.4647390000000000,1614.0
08-01-63,3.49,4.002273000000000,0.5122730000000000,1.5521799999999999,1.9378200000000001,1639.0
09-01-63,3.48,4.0775,0.5975000000000000,0.9861930000000000,2.4938069999999999,1763.0
10-01-63,3.5,4.106087000000000,0.6060870000000000,1.2179070000000001,2.2820930000000001,1779.0
11-01-63,3.48,4.121765000000000,0.6417650000000000,1.3166560000000000,2.1633439999999999,1622.0
12-01-63,3.38,4.128571000000000,0.7485710000000000,1.6458200000000001,1.7341800000000001,1491.0
01-01-64,3.48,4.166818000000000,0.686818000000000,1.6425760000000000,1.8374239999999999,1603.0
02-01-64,3.48,4.145556000000000,0.6655560000000000,1.4107609999999999,2.069239000000000,1820.0
03-01-64,3.43,4.2195239999999998,0.7895240000000000,1.4093739999999999,2.0206260000000000,1517.0
04-01-64,3.47,4.232273000000000,0.7622730000000000,1.5419950000000000,1.9280050000000000,1448.0
05-01-64,3.5,4.2,0.7000000000000000,1.5404789999999999,1.9595210000000001,1467.0
06-01-64,3.5,4.170000000000000,0.6700000000000000,1.3067620000000000,2.1932380000000000,1550.0
07-01-64,3.42,4.1859089999999997,0.7659090000000000,1.0752690000000000,2.3447310000000,1562.0
08-01-64,3.5,4.1938100000000000,0.6938100000000000,0.9756100000000000,2.524390000000000,1569.0
09-01-64,3.45,4.203810000000000,0.7538100000000000,1.171875,2.278125,1455.0
10-01-64,3.36,4.188095000000000,0.8280950000000000,1.2032520000000000,2.156748000000000,1524.0
11-01-64,3.52,4.152778000000000,0.6327780000000000,1.3970110000000000,2.122989000000000,1486.0
12-01-64,3.85,4.179545000000000,0.3295450000000000,1.1981869999999999,2.6518130000000002,1484.0
01-01-65,3.9,4.189500000000000,0.28949999999999998,1.098901000000000,2.801099000000000,1361.0
02-01-65,3.98,4.211111000000000,0.23111100000000001,1.1970240000000001,2.7829760000000001,1433.0
03-01-65,4.05,4.210435000000000,0.1604350000000000,1.1958629999999999,2.854137000000000,1423.0
04-01-65,4.09,4.203810000000000,0.11380999999999999,1.3893380000000000,2.700662000000000,1438.0
05-01-65,4.1,4.2115,0.11150000000000000,1.6139440000000000,2.4860560000000000,1478.0
06-01-65,4.05,4.213182000000000,0.16318199999999999,1.9348600000000000,2.1151399999999998,1488.0
07-01-65,4.09,4.204762000000000,0.11476200000000000,1.8052870000000001,2.284713000000000,1529.0
08-01-65,4.12,4.252273000000000,0.13227300000000000,1.6103060000000000,2.509694000000000,1432.0
09-01-65,4.02,4.29047600000000,0.27047599999999999,1.737452000000000,2.2825479999999998,1482.0
10-01-65,4.08,4.3495,0.26950000000000002,1.7030850000000000,2.3769149999999999,1452.0
11-01-65,4.1,4.448947000000000,0.3489470000000000,1.7302150000000001,2.3697849999999998,1460.0
12-01-65,4.32,4.615455000000000,0.29545500000000002,1.9199999999999999,2.3999999999999999,1656.0
01-01-66,4.42,4.612381000000000,0.19238100000000000,1.9181589999999999,2.5018410000000002,1370.0
02-01-66,4.6,4.832105000000000,0.23210500000000001,2.5575450000000002,2.042455000000000,1378.0
03-01-66,4.66,4.8734780000000004,0.21347800000000000,2.7786650000000002,1.8813350000000000,1394.0
04-01-66,4.67,4.75,0.08000000000000000,2.8680690000000002,1.8019309999999999,1352.0
05-01-66,4.9,4.7785710000000003,-0.12142900000000000,2.763659000000000,2.1363409999999998,1265.0
06-01-66,5.17,4.8145449999999999,-0.35545500000000002,2.4359380000000002,2.734062000000000,1194.0
07-01-66,5.3,5.018,-0.28199999999999997,2.754908000000000,2.545092000000000,1086.0
08-01-66,5.53,5.224348000000000,-0.3056520000000000,3.4865290000000000,2.0434709999999998,1119.0
09-01-66,5.4,5.182381000000000,-0.21761900000000001,3.5736880000000002,1.826312000000000,1046.0
10-01-66,5.53,5.0115,-0.5185000000000000,3.791469000000000,1.738531000000000,843.0
11-01-66,5.76,5.155263000000000,-0.6047370000000000,3.5590549999999999,2.200945000000000,961.0
12-01-66,5.4,4.842857000000000,-0.5571430000000001,3.3594979999999999,2.040502000000000,990.0
01-01-67,4.94,4.579048000000000,-0.3609520000000000,3.19949800000000,1.7405020000000000,1067.0
02-01-67,5.0,4.626667000000000,-0.3733330000000000,2.8678300000000001,2.1321699999999999,1123.0
03-01-67,4.53,4.541818000000000,0.011818000000000000,2.5481669999999998,1.9818330000000000,1056.0
04-01-67,4.05,4.593500000000000,0.5435000000000000,2.5402730000000000,1.5097270000000000,1091.0
05-01-67,3.94,4.847727000000000,0.9077270000000000,2.3183929999999999,1.6216070000000000,1304.0
06-01-67,3.98,5.0227269999999997,1.0427270000000000,2.8412600000000001,1.1387400000000001,1248.0
07-01-67,3.79,5.159000000000000,1.3690000000000000,2.9275810000000000,0.8624190000000000,1364.0
08-01-67,3.9,5.275652000000000,1.375652000000000,2.6033689999999998,1.2966310000000001,1407.0
09-01-67,3.99,5.3019999999999996,1.3120000000000001,2.595420000000000,1.3945799999999999,1421.0
10-01-67,3.88,5.480952000000000,1.6009519999999999,2.5875189999999999,1.2924810000000000,1491.0
11-01-67,4.13,5.7535,1.6235,3.10219000000000,1.0278099999999999,1538.0
12-01-67,4.51,5.699,1.189,3.280680000000000,1.2293200000000000,1308.0
01-01-68,4.61,5.528636000000000,0.918636000000000,3.647416000000000,0.9625840000000000,1380.0
02-01-68,4.71,5.563684000000000,0.8536840000000000,3.6363639999999999,1.0736360000000000,1520.0
03-01-68,5.05,5.74,0.6899999999999999,3.9393940000000001,1.1106060000000000,1466.0
04-01-68,5.76,5.6385,-0.12150000000000000,3.92749200000000,1.8325080000000000,1554.0
05-01-68,6.12,5.869545000000000,-0.25045499999999998,4.229607000000000,1.8903930000000000,1408.0
06-01-68,6.07,5.718,-0.3520000000000000,4.2042039999999998,1.8657960000000000,1405.0
07-01-68,6.03,5.495455000000000,-0.5345450000000000,4.491018000000000,1.5389820000000001,1512.0
08-01-68,6.03,5.420455000000000,-0.6095450000000000,4.477612000000000,1.552388000000000,1495.0
09-01-68,5.78,5.46,-0.3200000000000000,4.464286000000000,1.3157140000000001,1556.0
10-01-68,5.91,5.5826089999999997,-0.3273910000000000,4.7477739999999997,1.1622260000000000,1569.0
11-01-68,5.82,5.696111000000000,-0.12388900000000000,4.424779000000000,1.3952210000000000,1630.0
12-01-68,6.02,6.031905000000000,0.01190500000000000,4.705882000000000,1.3141179999999999,1548.0
01-01-69,6.3,6.041818000000000,-0.25818200000000002,4.692082000000000,1.6079180000000000,1769.0
02-01-69,6.61,6.1889469999999998,-0.4210530000000000,4.678363000000000,1.9316370000000000,1705.0
03-01-69,6.79,6.296,-0.4940000000000000,5.247813000000000,1.5421870000000000,1561.0
04-01-69,7.41,6.173333000000000,-1.2366670000000000,5.523256000000000,1.8867440000000000,1524.0
05-01-69,8.67,6.323333000000000,-2.3466670000000001,5.507246000000000,3.162754000000000,1583.0
06-01-69,8.9,6.574286000000000,-2.3257140000000001,5.475504000000000,3.4244960000000000,1528.0
07-01-69,8.61,6.71952400000000,-1.890476000000000,5.4441259999999998,3.165874000000000,1368.0
08-01-69,9.19,6.691429000000000,-2.4985710000000001,5.428571000000000,3.7614290000000001,1358.0
09-01-69,9.15,7.159524000000000,-1.9904759999999999,5.698006000000000,3.451994000000000,1507.0
10-01-69,9.0,7.095455000000000,-1.9045449999999999,5.665722000000000,3.3342779999999999,1381.0
11-01-69,8.85,7.144118000000000,-1.7058819999999999,5.932203000000000,2.9177970000000002,1229.0
12-01-69,8.97,7.654091000000000,-1.3159090000000000,5.89887600000000,3.071124000000000,1327.0
01-01-70,8.98,7.794762000000000,-1.1852380000000000,6.162465000000000,2.8175349999999999,1085.0
02-01-70,8.98,7.238333000000000,-1.7416670000000001,6.424581000000000,2.5554190000000001,1305.0
03-01-70,7.76,7.072857000000000,-0.6871429999999999,6.094183000000000,1.665817000000000,1319.0
04-01-70,8.1,7.390909000000000,-0.709091000000000,6.060606000000000,2.039394000000000,1264.0
05-01-70,7.95,7.906190000000000,-0.04381000000000000,6.043956000000000,1.9060440000000001,1290.0
06-01-70,7.61,7.841818000000000,0.23181800000000000,6.010929000000000,1.599071000000000,1385.0
07-01-70,7.21,7.457273000000000,0.2472730000000000,5.7065219999999997,1.5034780000000001,1517.0
08-01-70,6.62,7.527143000000000,0.9071430000000000,5.691057000000000,0.9289430000000000,1399.0
09-01-70,6.29,7.38952400000000,1.0995239999999999,5.660377000000000,0.6296230000000000,1534.0
10-01-70,6.2,7.326667000000000,1.126667000000000,5.630027000000000,0.5699730000000000,1580.0
11-01-70,5.6,6.841111000000000,1.2411110000000001,5.600000000000000,-0.0000000000000000000,1647.0
12-01-70,4.9,6.391364000000000,1.4913639999999999,5.570292000000000,-0.6702920000000000,1893.0
01-01-71,4.14,6.2385,2.0985000000000000,5.277045000000000,-1.1370450000000001,1828.0
02-01-71,3.72,6.112222000000000,2.392222000000000,4.724409000000000,-1.004409000000000,1741.0
03-01-71,3.71,5.7034779999999996,1.9934780000000001,4.438642000000000,-0.7286420000000000,1910.0
04-01-71,4.16,5.833810000000000,1.673810000000000,4.155844000000000,0.004156000000000000,1986.0
05-01-71,4.63,6.3925,1.7625000000000000,4.404145000000000,0.2258550000000000,2049.0
06-01-71,4.91,6.522273000000000,1.6122730000000001,4.381443000000000,0.5285570000000001,2026.0
07-01-71,5.31,6.729524000000000,1.4195240000000000,4.370180000000000,0.9398200000000000,2083.0
08-01-71,5.57,6.582727000000000,1.0127269999999999,4.358974000000000,1.2110259999999999,2158.0
09-01-71,5.55,6.13952400000000,0.5895240000000000,4.081633000000000,1.468367000000000,2041.0
10-01-71,5.2,5.925789000000000,0.7257890000000000,3.8071069999999998,1.3928929999999999,2128.0
11-01-71,4.91,5.8099999999999996,0.9000000000000000,3.535354000000000,1.3746460000000000,2182.0
12-01-71,4.14,5.926364000000000,1.7863640000000001,3.266332000000000,0.8736680000000000,2295.0
01-01-72,3.51,5.947619000000000,2.437619000000000,3.2581449999999998,0.251855000000000,2494.0
02-01-72,3.3,6.081,2.7810000000000001,3.759398000000000,-0.459398000000000,2390.0
03-01-72,3.83,6.068636000000000,2.2386360000000001,3.500000000000000,0.33000000000000002,2334.0
04-01-72,4.17,6.1945,2.0245000000000002,3.4912719999999999,0.6787280000000000,2249.0
05-01-72,4.27,6.126364000000000,1.8563639999999999,3.2258060000000000,1.044194000000000,2221.0
06-01-72,4.46,6.1068179999999996,1.6468179999999999,2.9629629999999998,1.4970370000000000,2254.0
07-01-72,4.55,6.113,1.5629999999999999,2.9556650000000002,1.5943350000000001,2252.0
08-01-72,4.81,6.210435000000000,1.4004350000000001,2.9484029999999999,1.8615969999999999,2382.0
09-01-72,4.87,6.5495,1.6795,3.1862750000000002,1.6837249999999999,2481.0
10-01-72,5.05,6.4795,1.4295,3.1784840000000001,1.8715160000000000,2485.0
11-01-72,5.06,6.2805,1.2204999999999999,3.4146339999999999,1.6453660000000001,2421.0
12-01-72,5.33,6.3585,1.0285000000000000,3.406326000000000,1.923674000000000,2366.0
01-01-73,5.94,6.464545000000000,0.5245450000000000,3.6407769999999999,2.2992230000000000,2481.0
02-01-73,6.58,6.635556000000000,0.05555600000000000,3.864734000000000,2.715266000000000,2289.0
03-01-73,7.09,6.709091000000000,-0.38090900000000000,4.8309179999999996,2.2590819999999998,2365.0
04-01-73,7.12,6.6685,-0.45150000000000001,5.301205000000000,1.8187949999999999,2084.0
05-01-73,7.84,6.847273000000000,-0.9927270000000000,5.528846000000000,2.3111540000000002,2266.0
06-01-73,8.49,6.9,-1.5900000000000001,5.995204000000000,2.4947960000000000,2067.0
07-01-73,10.4,7.130952000000000,-3.269048000000000,5.741627000000000,4.658373000000000,2123.0
08-01-73,10.5,7.404783000000000,-3.095217000000000,7.398568000000000,3.101432000000000,2051.0
09-01-73,10.78,7.090526000000000,-3.689474000000000,7.3634199999999996,3.416580000000000,1874.0
10-01-73,10.01,6.7942859999999996,-3.2157140000000002,8.056872000000000,1.9531280000000000,1677.0
11-01-73,10.03,6.7285000000000004,-3.3015,8.25471700000000,1.7752829999999999,1724.0
12-01-73,9.95,6.7436840000000000,-3.206316000000000,8.94117600000000,1.0088239999999999,1526.0
01-01-74,9.65,6.988636000000000,-2.661364000000000,9.601874000000000,0.04812600000000000,1451.0
02-01-74,8.97,6.957222000000000,-2.012778000000000,10.000000000000000,-1.0300000000000000,1752.0
03-01-74,9.35,7.2090480000000001,-2.140952000000000,10.138249000000000,-0.7882490000000000,1555.0
04-01-74,10.51,7.512381000000000,-2.9976189999999998,10.068650000000000,0.4413500000000000,1607.0
05-01-74,11.31,7.57590900000000,-3.7340909999999998,10.70615000000000,0.6038500000000000,1426.0
06-01-74,11.93,7.535500000000000,-4.394500000000000,10.859729000000000,1.0702710000000000,1513.0
07-01-74,12.92,7.805000000000000,-5.115000000000000,11.538462000000001,1.3815379999999999,1316.0
08-01-74,12.01,8.04409100000000,-3.96590900000000,10.888889000000001,1.1211110000000000,1142.0
09-01-74,11.34,8.0375,-3.3025,11.946903000000001,-0.6069030000000000,1150.0
10-01-74,10.06,7.8968179999999997,-2.163182000000000,11.842105000000000,-1.7821050000000001,1070.0
11-01-74,9.45,7.681111000000000,-1.7688889999999999,12.200436000000000,-2.750436000000000,1026.0
12-01-74,8.53,7.433810000000000,-1.0961900000000000,12.095032000000000,-3.5650320000000000,975.0
01-01-75,7.13,7.501364000000000,0.3713640000000000,11.752136999999999,-4.622137000000000,1032.0
02-01-75,6.24,7.392222000000000,1.152222000000000,11.205074000000000,-4.965074000000000,904.0
03-01-75,5.54,7.728,2.1880000000000002,10.460251000000000,-4.920251000000000,993.0
04-01-75,5.49,8.226818000000000,2.7368180000000000,10.187110000000001,-4.697110000000000,1005.0
05-01-75,5.22,8.05952400000000,2.8395239999999999,9.259259000000000,-4.039259000000000,1121.0
06-01-75,5.55,7.860952000000000,2.310952000000000,9.183673000000001,-3.6336729999999999,1087.0
07-01-75,6.1,8.061363999999999,1.961364000000000,9.533469000000000,-3.4334690000000001,1226.0
08-01-75,6.14,8.397619000000001,2.2576190000000000,8.617234000000000,-2.477234000000000,1260.0
09-01-75,6.24,8.426667000000000,2.1866669999999999,7.905138000000000,-1.6651380000000000,1264.0
10-01-75,5.82,8.137727000000000,2.3177270000000001,7.647059000000000,-1.8270590000000000,1344.0
11-01-75,5.22,8.052941000000001,2.8329409999999999,7.37864100000000,-2.1586409999999998,1360.0
12-01-75,5.2,7.996818000000000,2.796818000000000,7.129094000000000,-1.9290940000000001,1321.0
01-01-76,4.87,7.742381000000000,2.8723809999999999,6.692161000000000,-1.8221609999999999,1367.0
02-01-76,4.77,7.792778000000000,3.0227780000000002,6.273764000000000,-1.503764000000000,1538.0
03-01-76,4.84,7.734348000000000,2.894348000000000,6.060606000000000,-1.2206060000000001,1421.0
04-01-76,4.82,7.564286000000000,2.7442859999999998,5.849057000000000,-1.0290570000000001,1395.0
05-01-76,5.29,7.8949999999999996,2.6050000000000000,6.214689000000000,-0.9246890000000000,1459.0
06-01-76,5.48,7.861364000000000,2.381364000000000,5.981308000000000,-0.501308000000000,1495.0
07-01-76,5.31,7.831905000000000,2.5219049999999998,5.555556000000000,-0.2455560000000000,1401.0
08-01-76,5.29,7.768636000000000,2.4786359999999998,5.719557000000000,-0.42955700000000002,1550.0
09-01-76,5.25,7.594286000000000,2.3442859999999999,5.494505000000000,-0.2445050000000000,1720.0
10-01-76,5.02,7.411,2.391,5.464481000000000,-0.4444810000000000,1629.0
11-01-76,4.95,7.291053000000000,2.341053000000000,5.063291000000000,-0.11329100000000000,1641.0
12-01-76,4.65,6.869091000000000,2.219091000000000,5.035971000000000,-0.3859710000000000,1804.0
01-01-77,4.61,7.213333000000000,2.6033330000000001,5.197133000000000,-0.5871330000000000,1527.0
02-01-77,4.68,7.3910530000000003,2.711053000000000,6.082290000000000,-1.4022900000000000,1943.0
03-01-77,4.69,7.460000000000000,2.7700000000000000,6.428571000000000,-1.7385710000000001,2063.0
04-01-77,4.73,7.3705,2.6404999999999998,6.951872000000000,-2.221872000000000,1892.0
05-01-77,5.35,7.456667000000000,2.1066669999999998,6.737589000000000,-1.3875890000000000,1971.0
06-01-77,5.39,7.275455000000000,1.8854550000000001,6.701940000000000,-1.3119400000000001,1893.0
07-01-77,5.42,7.330000000000000,1.910000000000000,6.666667000000000,-1.2466670000000000,2058.0
08-01-77,5.9,7.396522000000000,1.4965219999999999,6.631763000000000,-0.731763000000000,2020.0
09-01-77,6.14,7.343810000000000,1.2038100000000000,6.423611000000000,-0.28361100000000000,1949.0
10-01-77,6.47,7.5235,1.0535000000000001,6.390328000000000,0.07967200000000001,2042.0
11-01-77,6.51,7.577368000000000,1.067368000000000,6.712565000000000,-0.20256500000000000,2042.0
12-01-77,6.56,7.685238000000000,1.1252380000000000,6.67808200000000,-0.11808200000000001,2142.0
01-01-78,6.7,7.956190000000000,1.2561899999999999,6.814310000000000,-0.1143100000000000,1718.0
02-01-78,6.78,8.033333000000001,1.253333000000000,6.2394600000000002,0.5405400000000000,1738.0
03-01-78,6.79,8.03590900000000,1.2459089999999999,6.375839000000000,0.41416100000000000,2032.0
04-01-78,6.89,8.154,1.2640000000000000,6.500000000000000,0.390000000000000,2197.0
05-01-78,7.36,8.345713999999999,0.9857140000000000,7.14285700000000,0.21714300000000000,2075.0
06-01-78,7.6,8.462273000000000,0.8622730000000000,7.438017000000000,0.16198299999999999,2070.0
07-01-78,7.81,8.64,0.830000000000000,7.7302629999999999,0.0797370000000000,2092.0
08-01-78,8.04,8.410869999999999,0.3708700000000000,7.855974000000000,0.18402600000000000,1996.0
09-01-78,8.45,8.416499999999999,-0.03350000000000000,8.482870999999999,-0.032870999999999997,1970.0
10-01-78,8.96,8.642381000000000,-0.3176190000000000,8.92857100000000,0.03142900000000000,1981.0
11-01-78,9.76,8.805,-0.9550000000000000,8.870968000000000,0.8890320000000000,2094.0
12-01-78,10.03,9.006500000000001,-1.0235000000000001,8.988764000000000,1.0412360000000001,2044.0
01-01-79,10.07,9.099545000000001,-0.9704550000000000,9.250399000000000,0.8196010000000000,1630.0
02-01-79,10.06,9.098333000000000,-0.9616670000000000,9.84127000000000,0.21873000000000001,1520.0
03-01-79,10.09,9.117273000000001,-0.9727270000000000,10.252366000000000,-0.1623660000000000,1847.0
04-01-79,10.01,9.182000000000000,-0.8280000000000000,10.485132999999999,-0.47513300000000003,1748.0
05-01-79,10.24,9.252381000000000,-0.987619000000000,10.697673999999999,-0.4576740000000000,1876.0
06-01-79,10.29,8.913810000000000,-1.3761900000000000,11.076923000000001,-0.786923000000000,1913.0
07-01-79,10.47,8.95,-1.5200000000000000,11.45038200000000,-0.9803820000000000,1760.0
08-01-79,10.94,9.029565000000000,-1.9104350000000001,11.836114999999999,-0.8961150000000000,1778.0
09-01-79,11.43,9.334737000000001,-2.0952630000000001,11.879699000000000,-0.4496990000000000,1832.0
10-01-79,13.77,10.299091000000001,-3.4709089999999998,12.071535000000001,1.6984649999999999,1681.0
11-01-79,13.18,10.653157999999999,-2.5268419999999998,12.592593000000001,0.5874070000000000,1524.0
12-01-79,13.78,10.386,-3.394,13.254785999999999,0.5252140000000000,1498.0
01-01-80,13.82,10.802273000000000,-3.0177269999999998,13.868613000000000,-0.04861300000000000,1341.0
02-01-80,14.13,12.414737000000001,-1.7152630000000000,14.161849999999999,-0.031850000000000003,1350.0
03-01-80,17.19,12.74904800000000,-4.440952000000000,14.592275000000001,2.5977250000000001,1047.0
04-01-80,17.61,11.473333000000000,-6.136667000000000,14.589235000000000,3.0207649999999999,1051.0
05-01-80,10.98,10.181429000000000,-0.798571000000000,14.425770000000000,-3.445770000000000,927.0
06-01-80,9.47,9.778095000000000,0.30809500000000001,14.265928000000001,-4.795928000000000,1196.0
07-01-80,9.03,10.247726999999999,1.2177270000000000,13.15068500000000,-4.12068500000000,1269.0
08-01-80,9.61,11.101905000000000,1.4919050000000000,12.890095000000001,-3.2800950000000002,1436.0
09-01-80,10.87,11.508571000000000,0.6385710000000000,12.768817000000000,-1.8988170000000000,1471.0
10-01-80,12.81,11.751364000000001,-1.0586359999999999,12.632979000000001,0.17702100000000001,1523.0
11-01-80,15.85,12.68470600000000,-3.1652939999999998,12.631579000000000,3.2184210000000002,1510.0
12-01-80,18.9,12.844091000000001,-6.05590900000000,12.353706000000001,6.546294000000000,1482.0
01-01-81,19.08,12.568571000000000,-6.511429000000000,11.794872000000000,7.285128000000000,1547.0
02-01-81,15.93,13.194444000000001,-2.735556000000000,11.392405000000000,4.537595000000000,1246.0
03-01-81,14.7,13.115909000000000,-1.5840909999999999,10.611734999999999,4.088265000000000,1306.0
04-01-81,15.72,13.67952400000000,-2.040476000000000,10.135970000000000,5.584030000000000,1360.0
05-01-81,18.52,14.0995,-4.420500000000000,9.79192200000000,8.72807800000000,1140.0
06-01-81,19.1,13.472272999999999,-5.627727000000000,9.696970000000000,9.40303000000000,1045.0
07-01-81,19.04,14.280908999999999,-4.759091000000000,10.774818000000000,8.265181999999999,1041.0
08-01-81,17.82,14.937143000000001,-2.8828570000000000,10.817308000000001,7.002692000000000,940.0
09-01-81,15.87,15.323810000000000,-0.5461900000000000,10.96543500000000,4.904565000000000,911.0
10-01-81,15.08,15.14809500000000,0.0680950000000000,10.271547000000000,4.808453000000000,873.0
11-01-81,13.31,13.392778000000000,0.0827780000000000,9.579439000000001,3.730561000000000,837.0
12-01-81,12.37,13.724545000000001,1.3545450000000001,8.912037000000000,3.4579629999999999,910.0
01-01-82,13.22,14.594,1.3740000000000001,8.25688100000000,4.963119000000000,843.0
02-01-82,14.78,14.425556000000000,-0.354444000000000,7.613636000000000,7.1663639999999997,866.0
03-01-82,14.68,13.861304000000001,-0.818696000000000,6.884876000000000,7.795124000000000,931.0
04-01-82,14.94,13.871905000000000,-1.0680950000000000,6.621773000000000,8.31822700000000,917.0
05-01-82,14.45,13.622500000000000,-0.8275000000000000,6.911929000000000,7.538071000000000,1025.0
06-01-82,14.15,14.299545000000000,0.14954500000000001,7.182320000000000,6.967680000000000,902.0
07-01-82,12.59,13.946190000000000,1.356190000000000,6.557377000000000,6.032623000000000,1166.0
08-01-82,10.12,13.055,2.9350000000000001,5.965293000000000,4.154707000000000,1046.0
09-01-82,10.31,12.33904800000000,2.0290480000000000,4.940924000000000,5.369076000000000,1144.0
10-01-82,9.71,10.9065,1.1964999999999999,5.032120000000000,4.677880000000000,1173.0
11-01-82,9.2,10.550526000000000,1.350526000000000,4.47761200000000,4.722388000000000,1372.0
12-01-82,8.95,10.54,1.5900000000000001,3.825717000000000,5.12428300000000,1303.0
01-01-83,8.68,10.457143000000000,1.7771429999999999,3.7076270000000000,4.972373000000000,1586.0
02-01-83,8.51,10.724736999999999,2.214737000000000,3.484688000000000,5.025312000000000,1699.0
03-01-83,8.77,10.506522000000000,1.7365219999999999,3.5902850000000002,5.179715000000000,1606.0
04-01-83,8.8,10.4,1.6000000000000001,4.0000000000000000,4.800000000000000,1472.0
05-01-83,8.63,10.380000000000001,1.7500000000000000,3.44108400000000,5.188916000000000,1776.0
06-01-83,8.98,10.848636000000001,1.8686360000000000,2.4742270000000000,6.505773000000000,1733.0
07-01-83,9.37,11.377000000000001,2.0070000000000001,2.358974000000000,7.011026000000000,1785.0
08-01-83,9.56,11.846087000000001,2.2860870000000002,2.456499000000000,7.103501000000000,1910.0
09-01-83,9.45,11.653810000000000,2.2038099999999998,2.763562000000000,6.68643800000000,1710.0
10-01-83,9.48,11.541,2.061,2.752294000000000,6.727706000000000,1715.0
11-01-83,9.34,11.690000000000000,2.3500000000000001,3.1632650000000000,6.176735000000000,1785.0
12-01-83,9.47,11.82952400000000,2.359524000000000,3.7871030000000001,5.682897000000000,1688.0
01-01-84,9.56,11.674286000000000,2.114286000000000,4.290092000000000,5.2699080000000000,1897.0
02-01-84,9.59,11.842105000000000,2.2521049999999998,4.693878000000000,4.896122000000000,2260.0
03-01-84,9.91,12.319091000000000,2.4090910000000001,4.892966000000000,5.017034000000000,1663.0
04-01-84,10.29,12.6335,2.3435000000000001,4.5546559999999996,5.735344000000000,1851.0
05-01-84,10.32,13.408636000000000,3.088636000000000,4.3346770000000001,5.985323000000000,1774.0
06-01-84,11.06,13.562856999999999,2.502857000000000,4.325956000000000,6.734044000000000,1843.0
07-01-84,11.23,13.362380999999999,2.1323810000000001,4.308617000000000,6.921383000000000,1732.0
08-01-84,11.64,12.716087000000000,1.0760870000000000,4.295704000000000,7.344296000000000,1586.0
09-01-84,11.3,12.522632000000000,1.222632000000000,4.2828689999999998,7.01713100000000,1698.0
10-01-84,9.99,12.160455000000001,2.170455000000000,4.265873000000000,5.724127000000000,1590.0
11-01-84,9.43,11.572632000000000,2.142632000000000,4.154303000000000,5.275697000000000,1689.0
12-01-84,8.38,11.499499999999999,3.1194999999999999,4.043393000000000,4.336607000000000,1612.0
01-01-85,8.35,11.384285999999999,3.034286000000000,3.52595500000000,4.82404500000000,1711.0
02-01-85,8.5,11.508889000000000,3.0088889999999999,3.6062379999999998,4.893762000000000,1632.0
03-01-85,8.58,11.855238000000000,3.2752379999999999,3.790087000000000,4.789913000000000,1800.0
04-01-85,8.27,11.434761999999999,3.164762000000000,3.581801000000000,4.688199000000000,1821.0
05-01-85,7.97,10.84681800000000,2.876818000000000,3.5748790000000001,4.395121000000000,1680.0
06-01-85,7.53,10.156,2.6259999999999999,3.6644169999999998,3.865583000000000,1676.0
07-01-85,7.88,10.306818000000000,2.4268179999999999,3.458213000000000,4.421787000000000,1684.0
08-01-85,7.9,10.331818000000000,2.4318179999999998,3.3524900000000000,4.547510000000000,1743.0
09-01-85,7.92,10.373158000000000,2.453158000000000,3.2473730000000,4.6726270000000,1676.0
10-01-85,7.99,10.236818000000000,2.246818000000000,3.2350140000000001,4.754986000000000,1834.0
11-01-85,8.05,9.781579000000001,1.7315790000000000,3.5137700000000001,4.536230000000000,1698.0
12-01-85,8.27,9.25904800000000,0.9890480000000000,3.791469000000000,4.478531000000000,1942.0
01-01-86,8.14,9.193809999999999,1.053810000000000,3.9735100000000001,4.166490000000000,1972.0
02-01-86,7.86,8.704211000000001,0.8442110000000000,3.19849500000000,4.6615050000000000,1848.0
03-01-86,7.48,7.778500000000000,0.2985000000000000,2.1535579999999999,5.326442000000000,1876.0
04-01-86,6.99,7.29909100000000,0.3090910000000000,1.5887849999999999,5.401215000000000,1933.0
05-01-86,6.85,7.70952400000000,0.85952400000000,1.679104000000000,5.170896000000000,1854.0
06-01-86,6.92,7.7995239999999999,0.8795240000000000,1.7674420000000000,5.152558000000000,1847.0
07-01-86,6.56,7.303182000000000,0.7431820000000000,1.671309000000000,4.8886909999999997,1782.0
08-01-86,6.17,7.1657140000000004,0.9957140000000000,1.575533000000000,4.594467000000000,1807.0
09-01-86,5.89,7.447619000000000,1.5576190000000001,1.757632000000000,4.132368000000000,1687.0
10-01-86,5.85,7.426364000000000,1.5763640000000001,1.5668200000000001,4.283180000000000,1681.0
11-01-86,6.04,7.250556000000000,1.2105560000000000,1.2844040000000001,4.755596000000000,1623.0
12-01-86,6.91,7.112727000000000,0.2027270000000000,1.187215000000000,5.722785000000000,1833.0
01-01-87,6.43,7.0845,0.6545000000000000,1.364877000000000,5.065123000000000,1774.0
02-01-87,6.1,7.2505259999999998,1.1505259999999999,1.9143120000000000,4.185688000000000,1784.0
03-01-87,6.13,7.248636000000000,1.118636000000000,2.8414299999999999,3.2885700000000000,1726.0
04-01-87,6.37,8.022857000000000,1.652857000000000,3.679853000000000,2.690147000000000,1614.0
05-01-87,6.85,8.613,1.763,3.669725000000000,3.1802750000000000,1628.0
06-01-87,6.73,8.402272999999999,1.672273000000000,3.7477149999999999,2.982285000000000,1594.0
07-01-87,6.58,8.44681800000000,1.8668180000000001,3.926941000000000,2.653059000000000,1575.0
08-01-87,6.73,8.76047600000000,2.0304760000000002,4.2883209999999998,2.441679000000000,1605.0
09-01-87,7.22,9.421905000000001,2.201905000000000,4.2727269999999997,2.9472730000000000,1695.0
10-01-87,7.29,9.520000000000000,2.2300000000000000,4.355717000000000,2.9342830000000002,1515.0
11-01-87,6.69,8.860526000000000,2.1705260000000002,4.528986000000000,2.1610140000000002,1656.0
12-01-87,6.77,8.987727000000000,2.217727000000000,4.332130000000000,2.4378700000000002,1400.0
01-01-88,6.83,8.66578900000000,1.8357889999999999,4.129264000000000,2.700736000000000,1271.0
02-01-88,6.58,8.212,1.6319999999999999,3.9355989999999998,2.6444009999999998,1473.0
03-01-88,6.58,8.373478000000000,1.7934779999999999,3.832442000000000,2.747558000000000,1532.0
04-01-88,6.87,8.7185,1.8485000000000000,3.9929020000000000,2.8770980000000002,1573.0
05-01-88,7.09,9.08904800000000,1.9990479999999999,3.9823010000000001,3.1076990000000002,1421.0
06-01-88,7.51,8.921364000000001,1.411364000000000,3.96475800000000,3.54524200000000,1478.0
07-01-88,7.75,9.055999999999999,1.306000000000000,4.130053000000000,3.6199469999999998,1467.0
08-01-88,8.01,9.260434999999999,1.2504350000000000,4.111986000000000,3.898014000000000,1493.0
09-01-88,8.19,8.977143000000000,0.7871430000000000,4.184830000000000,4.005170000000000,1492.0
10-01-88,8.3,8.7955,0.49550000000000000,4.260870000000000,4.039130000000000,1522.0
11-01-88,8.35,8.9625,0.6125000000000000,4.246101000000000,4.103899000000000,1569.0
12-01-88,8.76,9.105714000000001,0.3457140000000000,4.4117649999999999,4.34823500000000,1563.0
01-01-89,9.12,9.0915,-0.028500000000000001,4.482759000000000,4.637241000000000,1621.0
02-01-89,9.36,9.168946999999999,-0.19105300000000000,4.647160000000000,4.712840000000000,1425.0
03-01-89,9.85,9.357727000000001,-0.4922730000000000,4.892704000000000,4.957296000000000,1422.0
04-01-89,9.84,9.1755,-0.6645000000000000,5.034130000000000,4.805870000000000,1339.0
05-01-89,9.81,8.85909100000000,-0.9509090000000000,5.276596000000000,4.533404000000000,1331.0
06-01-89,9.53,8.277272999999999,-1.252727000000000,5.1694920000000000,4.36050800000000,1397.0
07-01-89,9.24,8.0185,-1.2215000000000000,5.063291000000000,4.176709000000000,1427.0
08-01-89,8.99,8.112609000000001,-0.8773910000000000,4.621849000000000,4.368151000000000,1332.0
09-01-89,9.02,8.1905,-0.8295000000000000,4.435146000000000,4.5848540000000000,1279.0
10-01-89,8.84,8.007619000000000,-0.8323810000000000,4.587156000000000,4.252844000000000,1410.0
11-01-89,8.55,7.8742859999999997,-0.6757140000000000,4.655029000000000,3.89497100000000,1351.0
12-01-89,8.45,7.836,-0.614000000000000,4.639602000000000,3.8103980000000002,1251.0
01-01-90,8.23,8.206666999999999,-0.023333000000000000,5.198020000000000,3.031980000000000,1551.0
02-01-90,8.24,8.473158000000000,0.23315800000000000,5.263158000000000,2.976842000000000,1437.0
03-01-90,8.28,8.588635999999999,0.3086360000000000,5.237316000000000,3.0426839999999999,1289.0
04-01-90,8.26,8.7855,0.525500000000000,4.711617000000000,3.548383000000000,1248.0
05-01-90,8.18,8.758182000000000,0.5781820000000000,4.365400000000000,3.8146000000000000,1212.0
06-01-90,8.29,8.48,0.19000000000000000,4.673650000000000,3.61635000000000,1177.0
07-01-90,8.15,8.471429000000001,0.3214290000000000,4.819277000000000,3.330723000000000,1171.0
08-01-90,8.13,8.752609000000000,0.6226090000000000,5.702811000000000,2.42718900000000,1115.0
09-01-90,8.2,8.893158000000000,0.6931580000000001,6.169872000000000,2.030128000000000,1110.0
10-01-90,8.11,8.719545000000000,0.6095450000000000,6.379585000000000,1.7304150000000000,1014.0
11-01-90,7.81,8.392,0.5820000000000000,6.195393000000000,1.6146069999999999,1145.0
12-01-90,7.31,8.075,0.7650000000000000,6.254949000000000,1.0550510000000000,969.0
01-01-91,6.91,8.091905000000001,1.1819050000000000,5.647059000000000,1.2629410000000001,798.0
02-01-91,6.25,7.854737000000000,1.6047370000000001,5.312500000000000,0.9375000000000000,965.0
03-01-91,6.12,8.11,1.9900000000000000,4.821151000000000,1.2988489999999999,921.0
04-01-91,5.91,8.039091000000001,2.129091000000000,4.809930000000000,1.100070000000000,1001.0
05-01-91,5.78,8.067727000000000,2.287727000000000,5.034857000000000,0.7451430000000000,996.0
06-01-91,5.9,8.284,2.3839999999999999,4.695920000000000,1.204080000000000,1036.0
07-01-91,5.82,8.272727000000000,2.452727000000000,4.367816000000000,1.452184000000000,1063.0
08-01-91,5.66,7.9,2.24,3.7993920000000001,1.8606080000000000,1049.0
09-01-91,5.45,7.65,2.2,3.396226000000000,2.0537740000000002,1015.0
10-01-91,5.21,7.527273000000000,2.3172730000000001,2.8485760000000000,2.3614240000000000,1079.0
11-01-91,4.81,7.417368000000000,2.607368000000000,3.0665670000000000,1.7434330000000000,1103.0
12-01-91,4.43,7.088571000000000,2.6585709999999998,2.980626000000000,1.4493739999999999,1079.0
01-01-92,4.03,7.032381000000000,3.0023810000000002,2.672606000000000,1.3573940000000000,1176.0
02-01-92,4.06,7.337895000000000,3.2778950000000000,2.8189910000000000,1.2410090000000000,1250.0
03-01-92,3.98,7.542273000000000,3.562273000000000,3.189911000000000,0.7900890000000000,1297.0
04-01-92,3.73,7.480476000000000,3.7504759999999999,3.1828280000000002,0.5471720000000000,1099.0
05-01-92,3.82,7.392,3.5720000000000001,3.0235989999999999,0.7964010000000000,1214.0
06-01-92,3.76,7.261818000000000,3.501818000000000,3.0147059999999999,0.7452940000000000,1145.0
07-01-92,3.25,6.844545000000000,3.5945450000000001,3.1571220000000002,0.09287800000000000,1139.0
08-01-92,3.3,6.585714000000000,3.2857140000000000,3.0746709999999999,0.22532900000000000,1226.0
09-01-92,3.22,6.415238000000000,3.195238000000000,2.9927009999999998,0.22729900000000000,1186.0
10-01-92,3.1,6.589048000000000,3.489048000000000,3.279883000000000,-0.17988299999999999,1244.0
11-01-92,3.09,6.873158000000000,3.783158000000000,3.1204640000000001,-0.030464000000000001,1214.0
12-01-92,2.92,6.77,3.8500000000000001,2.966715000000000,-0.046715000000000000,1227.0
01-01-93,3.02,6.5999999999999996,3.5800000000000001,3.2537959999999999,-0.23379600000000000,1210.0
02-01-93,3.03,6.258947000000000,3.228947000000000,3.2467530000000000,-0.21675300000000000,1210.0
03-01-93,3.07,5.975217000000000,2.905217000000000,3.0194100000000001,0.050590000000000003,1083.0
04-01-93,2.96,5.9695239999999998,3.0095239999999999,3.1563850000000002,-0.1963850000000000,1258.0
05-01-93,3.0,6.0355,3.0355,3.2211880000000002,-0.22118800000000000,1260.0
06-01-93,3.04,5.962727000000000,2.922727000000000,2.9978590000000001,0.04214100000000000,1280.0
07-01-93,3.06,5.805238000000000,2.745238000000000,2.8469750000000000,0.2130250000000000,1254.0
08-01-93,3.03,5.677727000000000,2.647727000000000,2.840909000000000,0.18909100000000001,1300.0
09-01-93,3.09,5.36,2.2700000000000000,2.7639969999999998,0.32600299999999999,1343.0
10-01-93,2.99,5.334,2.3439999999999999,2.752294000000000,0.23770600000000000,1392.0
11-01-93,3.02,5.724,2.704,2.7445460000000002,0.27545399999999998,1376.0
12-01-93,2.96,5.774091000000000,2.8140909999999999,2.8109630000000001,0.1490370000000000,1533.0
01-01-94,3.05,5.750500000000000,2.700500000000000,2.450980000000000,0.5990200000000000,1272.0
02-01-94,3.25,5.9731579999999997,2.7231580000000002,2.515723000000000,0.734277000000000,1337.0
03-01-94,3.34,6.482609000000000,3.142609000000000,2.6517789999999999,0.6882210000000000,1564.0
04-01-94,3.56,6.972105000000000,3.4121049999999999,2.364395000000000,1.1956050000000000,1465.0
05-01-94,4.01,7.183333000000000,3.173333000000000,2.288488000000000,1.721512000000000,1526.0
06-01-94,4.25,7.101364000000000,2.8513639999999998,2.494802000000000,1.755198000000000,1409.0
07-01-94,4.26,7.298,3.0379999999999998,2.69896200000000,1.5610379999999999,1439.0
08-01-94,4.47,7.236087000000000,2.7660870000000002,2.900552000000000,1.5694480000000000,1450.0
09-01-94,4.73,7.457143000000000,2.727143000000000,2.965517000000000,1.7644830000000000,1474.0
10-01-94,4.76,7.744,2.984,2.609890000000000,2.150110000000000,1450.0
11-01-94,5.29,7.955,2.665,2.602740000000000,2.687260000000000,1511.0
12-01-94,5.45,7.813810000000000,2.3638100000000000,2.597403000000000,2.852597000000000,1455.0
01-01-95,5.53,7.7794999999999996,2.2494999999999998,2.8708130000000001,2.659187000000000,1407.0
02-01-95,5.92,7.469474000000000,1.5494740000000000,2.862986000000000,3.057014000000000,1316.0
03-01-95,5.98,7.204783000000000,1.2247830000000000,2.7872200000000000,3.1927800000000000,1249.0
04-01-95,6.05,7.062632000000000,1.012632000000000,3.125000000000000,2.9249999999999998,1267.0
05-01-95,6.01,6.632727000000000,0.6227270000000000,3.1186440000000002,2.8913560000000000,1314.0
06-01-95,6.0,6.168182000000000,0.168182000000000,3.0425960000000001,2.9574039999999999,1281.0
07-01-95,5.85,6.2779999999999996,0.4280000000000000,2.8301889999999998,3.0198109999999998,1461.0
08-01-95,5.74,6.488261000000000,0.7482610000000000,2.6174499999999998,3.1225499999999999,1416.0
09-01-95,5.8,6.1975,0.39750000000000002,2.54521100000000,3.2547890000000002,1369.0
10-01-95,5.76,6.044762000000000,0.284762000000000,2.7443110000000002,3.0156890000000001,1369.0
11-01-95,5.8,5.93047600000000,0.1304760000000000,2.603471000000000,3.196529000000000,1452.0
12-01-95,5.6,5.7115,0.11150000000000000,2.5316459999999998,3.068354000000000,1431.0
01-01-96,5.56,5.652381000000000,0.09238100000000000,2.7906979999999999,2.7693020000000002,1467.0
02-01-96,5.22,5.8055,0.5855000000000000,2.717031000000000,2.5029690000000002,1491.0
03-01-96,5.31,6.268571000000000,0.9585710000000000,2.8439150000000000,2.466085000000000,1424.0
04-01-96,5.22,6.511364000000000,1.291364000000000,2.832675000000000,2.3873250000000001,1516.0
05-01-96,5.24,6.736818000000000,1.496818000000000,2.827087000000000,2.4129130000000001,1504.0
06-01-96,5.27,6.912000000000000,1.6419999999999999,2.8215219999999999,2.4484780000000002,1467.0
07-01-96,5.4,6.865455000000000,1.465455000000000,2.8833549999999999,2.5166450000000000,1472.0
08-01-96,5.22,6.635455000000000,1.415455000000000,2.8122959999999999,2.4077039999999998,1557.0
09-01-96,5.3,6.832000000000000,1.532000000000000,3.0045720000000000,2.295428000000000,1475.0
10-01-96,5.24,6.533636000000000,1.293636000000000,3.0618889999999999,2.17811100000000,1392.0
11-01-96,5.31,6.203684000000000,0.8936840000000000,3.2530899999999998,2.056910000000000,1489.0
12-01-96,5.29,6.302381000000000,1.0123810000000000,3.378817000000000,1.911183000000000,1370.0
01-01-97,5.25,6.579048000000000,1.3290480000000000,3.0381380000000000,2.2118620000000000,1355.0
02-01-97,5.19,6.419474000000000,1.229474000000000,3.0322580000000001,2.157742000000000,1486.0
03-01-97,5.39,6.6945,1.3045,2.7652730000000001,2.62472700000000,1457.0
04-01-97,5.51,6.885455000000000,1.375455000000000,2.434337000000000,3.0756630000000000,1492.0
05-01-97,5.5,6.7109519999999998,1.2109520000000000,2.237852000000000,3.262148000000000,1442.0
06-01-97,5.56,6.493810000000000,0.9338100000000000,2.233567000000000,3.3264330000000002,1494.0
07-01-97,5.52,6.220455000000000,0.7004550000000000,2.165605000000000,3.354395000000000,1437.0
08-01-97,5.54,6.298571000000000,0.7585710000000000,2.2900760000000000,3.2499240000000000,1390.0
09-01-97,5.54,6.208571000000000,0.6685710000000000,2.21940400000000,3.32059600000000,1546.0
10-01-97,5.5,6.029545000000000,0.5295450000000000,2.0859670000000001,3.4140329999999999,1520.0
11-01-97,5.52,5.875,0.3550000000000000,1.8903589999999999,3.6296409999999999,1510.0
12-01-97,5.5,5.808636000000000,0.3086360000000000,1.6970460000000001,3.8029540000000002,1566.0
01-01-98,5.56,5.5445,-0.015500000000000000,1.6311169999999999,3.928883000000000,1525.0
02-01-98,5.51,5.574737000000000,0.06473700000000000,1.440200000000000,4.069800000000000,1584.0
03-01-98,5.49,5.647273000000000,0.15727300000000000,1.3767210000000001,4.1132790000000004,1567.0
04-01-98,5.45,5.637619000000000,0.18761900000000001,1.4383990000000000,4.01160100000000,1540.0
05-01-98,5.49,5.6525,0.16250000000000001,1.6885550000000000,3.8014450000000002,1536.0
06-01-98,5.56,5.496364000000000,-0.06363600000000000,1.6229709999999999,3.9370289999999999,1641.0
07-01-98,5.54,5.461364000000000,-0.07863600000000000,1.74563600000000,3.79436400000000,1698.0
08-01-98,5.55,5.341905000000000,-0.2080950000000000,1.6169150000000001,3.933085000000000,1614.0
09-01-98,5.51,4.806667000000000,-0.7033330000000000,1.4267989999999999,4.08320100000000,1582.0
10-01-98,5.07,4.530000000000000,-0.5400000000000000,1.4860679999999999,3.5839319999999999,1715.0
11-01-98,4.83,4.827368000000000,-0.002632000000000000,1.4842299999999999,3.3457699999999999,1660.0
12-01-98,4.68,4.645,-0.03500000000000000,1.606922000000000,3.0730780000000002,1792.0
01-01-99,4.63,4.722105000000000,0.09210500000000001,1.6666669999999999,2.963333000000000,1748.0
02-01-99,4.76,4.998947000000000,0.23894699999999999,1.6666669999999999,3.093333000000000,1670.0
03-01-99,4.81,5.232609000000000,0.4226090000000000,1.7283949999999999,3.0816050000000001,1710.0
04-01-99,4.74,5.184545000000000,0.44454500000000002,2.281134000000000,2.458866000000000,1553.0
05-01-99,4.74,5.539500000000000,0.7995000000000000,2.091021000000000,2.6489790000000002,1611.0
06-01-99,4.76,5.899545000000000,1.1395450000000000,1.9656020000000001,2.79439800000000,1559.0
07-01-99,4.99,5.791905000000000,0.8019050000000000,2.1446079999999998,2.845392000000000,1669.0
08-01-99,5.07,5.9390910000000003,0.8690909999999999,2.2643819999999999,2.80561800000000,1648.0
09-01-99,5.22,5.915238000000000,0.6952380000000000,2.629969000000000,2.5900310000000002,1635.0
10-01-99,5.2,6.112,0.9120000000000000,2.56253800000000,2.63746200000000,1608.0
11-01-99,5.42,6.034,0.6140000000000000,2.6203530000000002,2.7996470000000002,1648.0
12-01-99,5.3,6.275455000000000,0.9754550000000000,2.676399000000000,2.6236009999999998,1708.0
01-01-00,5.45,6.661,1.2110000000000001,2.792957000000000,2.657043000000000,1636.0
02-01-00,5.73,6.519500000000000,0.7895000000000000,3.2179720000000001,2.512028000000000,1737.0
03-01-00,5.85,6.256522000000000,0.40652199999999999,3.762136000000000,2.0878640000000002,1604.0
04-01-00,6.02,5.990526000000000,-0.029474000000000000,3.013864000000000,3.0061360000000001,1626.0
05-01-00,6.27,6.440455000000000,0.17045500000000000,3.1325300000000000,3.137470000000000,1575.0
06-01-00,6.53,6.097273000000000,-0.4327270000000000,3.7349399999999999,2.7950599999999999,1559.0
07-01-00,6.54,6.054,-0.48599999999999999,3.5992799999999998,2.940720000000000,1463.0
08-01-00,6.5,5.826087000000000,-0.6739130000000000,3.3512870000000001,3.1487129999999999,1541.0
09-01-00,6.52,5.799,-0.7210000000000000,3.45649600000000,3.0635040000000000,1507.0
10-01-00,6.51,5.738571000000000,-0.7714290000000000,3.4503270000000001,3.0596730000000001,1549.0
11-01-00,6.51,5.717143000000000,-0.7928570000000000,3.444181000000000,3.0658189999999998,1551.0
12-01-00,6.4,5.2405,-1.1595000000000000,3.4360189999999999,2.963981000000000,1532.0
01-01-01,5.98,5.160952000000000,-0.8190480000000000,3.7212049999999999,2.258795000000000,1600.0
02-01-01,5.49,5.098947000000000,-0.39105299999999998,3.529412000000000,1.9605880000000000,1625.0
03-01-01,5.31,4.885455000000000,-0.4245450000000000,2.9824560000000000,2.3275440000000001,1590.0
04-01-01,4.8,5.141,0.3410000000000000,3.2182559999999998,1.5817440000000000,1649.0
05-01-01,4.21,5.391364000000000,1.1813640000000001,3.5630839999999999,0.6469160000000000,1605.0
06-01-01,3.97,5.284286000000000,1.3142860000000001,3.193961000000000,0.7760390000000000,1636.0
07-01-01,3.77,5.236190000000000,1.466190000000000,2.7214820000000000,1.0485180000000001,1670.0
08-01-01,3.65,4.971304000000000,1.321304000000000,2.7214820000000000,0.9285180000000000,1567.0
09-01-01,3.07,4.731765000000000,1.6617649999999999,2.5921660000000002,0.4778340000000000,1562.0
10-01-01,2.49,4.566818000000000,2.0768179999999998,2.127660000000000,0.36234000000000000,1540.0
11-01-01,2.09,4.6515,2.5615000000000001,1.894374000000000,0.19562599999999999,1602.0
12-01-01,1.82,5.0875,3.2675,1.603666000000000,0.21633400000000000,1568.0
01-01-02,1.73,5.035714000000000,3.3057140000000000,1.1959000000000000,0.5341000000000000,1698.0
02-01-02,1.74,4.911579000000000,3.1715789999999999,1.1363639999999999,0.6036360000000000,1829.0
03-01-02,1.73,5.284000000000000,3.5539999999999998,1.3628620000000000,0.36713800000000002,1642.0
04-01-02,1.75,5.210909000000000,3.460909000000000,1.643991000000000,0.1060090000000000,1592.0
05-01-02,1.75,5.164545000000000,3.414545000000000,1.2408349999999999,0.5091650000000000,1764.0
06-01-02,1.75,4.9265,3.1765,1.0692180000000000,0.6807820000000000,1717.0
07-01-02,1.73,4.653182000000000,2.9231820000000002,1.465614000000000,0.264386000000000,1655.0
08-01-02,1.74,4.257273000000000,2.5172729999999999,1.747463000000000,-0.007463000000000000,1633.0
09-01-02,1.75,3.87,2.12,1.516002000000000,0.23399800000000001,1804.0
10-01-02,1.75,3.940909000000000,2.190909000000000,2.0270269999999999,-0.2770270000000000,1648.0
11-01-02,1.34,4.048421000000000,2.7084210000000000,2.2535210000000001,-0.9135210000000000,1753.0
12-01-02,1.24,4.032381000000000,2.7923809999999998,2.4802710000000001,-1.2402709999999999,1788.0
01-01-03,1.24,4.048571000000000,2.808571000000000,2.757456000000000,-1.5174559999999999,1853.0
02-01-03,1.26,3.9026320000000001,2.642632000000000,3.146067000000000,-1.8860669999999999,1629.0
03-01-03,1.25,3.8071429999999999,2.5571429999999999,3.025210000000000,-1.775210000000000,1726.0
04-01-03,1.26,3.958571000000000,2.6985709999999998,2.175125000000000,-0.915125000000000,1643.0
05-01-03,1.26,3.5690480000000000,2.309048000000000,1.8941500000000000,-0.6341500000000000,1751.0
06-01-03,1.22,3.334286000000000,2.114286000000000,1.948775000000000,-0.7287750000000000,1867.0
07-01-03,1.01,3.975455000000000,2.965455000000000,2.055556000000000,-1.0455559999999999,1897.0
08-01-03,1.03,4.4452379999999998,3.4152380000000000,2.216066000000000,-1.1860660000000001,1833.0
09-01-03,1.01,4.274286000000000,3.264286000000000,2.378319000000000,-1.368319000000000,1939.0
10-01-03,1.01,4.290455000000000,3.2804549999999999,2.041943000000000,-1.0319430000000001,1967.0
11-01-03,1.0,4.300000000000000,3.2999999999999998,1.9283750000000000,-0.9283750000000000,2083.0
12-01-03,0.98,4.267727000000000,3.2877269999999998,2.0352039999999998,-1.0552040000000000,2057.0
01-01-04,1.0,4.1505,3.1505,2.026287000000000,-1.0262869999999999,1911.0
02-01-04,1.01,4.084211000000000,3.074211000000000,1.688453000000000,-0.6784530000000000,1846.0
03-01-04,1.0,3.826522000000000,2.826522000000000,1.7400760000000000,-0.7400760000000000,1998.0
04-01-04,1.0,4.347619000000000,3.3476189999999999,2.2925759999999999,-1.2925759999999999,2003.0
05-01-04,1.0,4.7154999999999996,3.7155000000000000,2.8977580000000001,-1.8977580000000001,1981.0
06-01-04,1.03,4.733810000000000,3.7038099999999998,3.1676679999999999,-2.137668000000000,1828.0
07-01-04,1.26,4.498095000000000,3.238095000000000,2.939575000000000,-1.679575000000000,2002.0
08-01-04,1.43,4.281364000000000,2.8513639999999998,2.5474250000000001,-1.1174249999999999,2024.0
09-01-04,1.61,4.1257140000000003,2.515714000000000,2.5391680000000001,-0.9291680000000000,1905.0
10-01-04,1.76,4.0970000000000004,2.3370000000000002,3.1909139999999998,-1.4309140000000000,2072.0
11-01-04,1.93,4.194,2.2639999999999998,3.621622000000000,-1.691622000000000,1782.0
12-01-04,2.16,4.2309089999999996,2.0709089999999999,3.3423180000000001,-1.1823180000000000,2042.0
01-01-05,2.28,4.221500000000000,1.941500000000000,2.8448739999999999,-0.5648740000000000,2144.0
02-01-05,2.5,4.165263000000000,1.6652629999999999,3.0530260000000000,-0.5530260000000000,2207.0
03-01-05,2.63,4.497727000000000,1.8677269999999999,3.2068409999999998,-0.5768410000000000,1864.0
04-01-05,2.79,4.3409519999999997,1.5509520000000001,3.3617930000000000,-0.5717930000000000,2061.0
05-01-05,3.0,4.144286000000000,1.1442859999999999,2.869288000000000,0.13071199999999999,2025.0
06-01-05,3.04,3.998182000000000,0.958182000000000,2.541027000000000,0.49897300000000000,2068.0
07-01-05,3.26,4.1775,0.9175000000000000,3.067160000000000,0.19284000000000001,2054.0
08-01-05,3.5,4.262609000000000,0.7626090000000000,3.6469339999999999,-0.1469340000000000,2095.0
09-01-05,3.62,4.199048000000000,0.5790480000000000,4.741834000000000,-1.1218340000000000,2151.0
10-01-05,3.78,4.4635,0.6835,4.350105000000000,-0.5701050000000000,2065.0
11-01-05,4.0,4.535,0.5350000000000000,3.3385500000000001,0.6614500000000000,2147.0
12-01-05,4.16,4.467143000000000,0.30714300000000000,3.3385500000000001,0.8214500000000000,1994.0
01-01-06,4.29,4.416,0.12600000000000000,4.018789000000000,0.27121099999999998,2273.0
02-01-06,4.49,4.568947000000000,0.07894700000000000,3.63825400000000,0.8517460000000000,2119.0
03-01-06,4.59,4.7239129999999996,0.1339130000000000,3.4179179999999998,1.172082000000000,1969.0
04-01-06,4.79,4.990526000000000,0.20052600000000001,3.613836000000000,1.1761640000000000,1821.0
05-01-06,4.94,5.11,0.17000000000000001,3.9772729999999998,0.9627270000000000,1942.0
06-01-06,4.99,5.106364000000000,0.11636400000000000,4.1817240000000000,0.8082760000000000,1802.0
07-01-06,5.24,5.0875,-0.15250000000000000,4.104669000000000,1.1353310000000001,1737.0
08-01-06,5.25,4.8765219999999996,-0.3734780000000000,3.926568000000000,1.323432000000000,1650.0
09-01-06,5.25,4.719000000000000,-0.5310000000000000,2.012072000000000,3.237928000000000,1720.0
10-01-06,5.25,4.729048000000000,-0.5209520000000000,1.4063280000000000,3.843672000000000,1491.0
11-01-06,5.25,4.595238000000000,-0.6547620000000000,1.9687030000000001,3.281297000000000,1570.0
12-01-06,5.24,4.5645,-0.6755000000000000,2.5239780000000001,2.716022000000000,1649.0
01-01-07,5.25,4.7595239999999999,-0.4904760000000000,2.075765000000000,3.174235000000000,1409.0
02-01-07,5.26,4.722632000000000,-0.5373680000000000,2.420261000000000,2.839739000000000,1480.0
03-01-07,5.26,4.5645449999999999,-0.6954550000000000,2.798197000000000,2.4618030000000002,1495.0
04-01-07,5.25,4.6938100000000000,-0.5561900000000000,2.5929250000000001,2.6570749999999999,1490.0
05-01-07,5.25,4.746364000000000,-0.5036360000000000,2.709886000000000,2.540114000000000,1415.0
06-01-07,5.25,5.102857000000000,-0.14714300000000000,2.692765000000000,2.557235000000000,1448.0
07-01-07,5.26,5.0042859999999996,-0.25571400000000000,2.3178909999999999,2.942109000000000,1354.0
08-01-07,5.02,4.674783000000000,-0.3452170000000000,1.897448000000000,3.1225520000000002,1330.0
09-01-07,4.94,4.521579000000000,-0.41842099999999999,2.8338260000000002,2.106174000000000,1183.0
10-01-07,4.76,4.527727000000000,-0.2322730000000000,3.610698000000000,1.1493020000000000,1264.0
11-01-07,4.49,4.1485,-0.3415000000000000,4.373267000000000,0.11673300000000000,1197.0
12-01-07,4.24,4.0975,-0.14249999999999999,4.108813000000000,0.13118700000000000,1037.0
01-01-08,3.94,3.744286000000000,-0.19571400000000000,4.294696000000000,-0.354696000000000,1084.0
02-01-08,2.98,3.7375,0.7575000000000000,4.142959000000000,-1.1629590000000001,1103.0
03-01-08,2.61,3.5099999999999998,0.9000000000000000,3.9749040000000000,-1.3649039999999999,1005.0
04-01-08,2.28,3.675,1.395,3.9037609999999998,-1.6237610000000000,1013.0
05-01-08,1.98,3.8799999999999999,1.8999999999999999,4.088414000000000,-2.108414000000000,973.0
06-01-08,2.0,4.099524000000000,2.0995240000000002,4.935966000000000,-2.9359660000000001,1046.0
07-01-08,2.01,4.007727000000000,1.997727000000000,5.497512000000000,-3.4875120000000002,923.0
08-01-08,2.0,3.8857140000000001,1.8857139999999999,5.308017000000000,-3.3080170000000000,844.0
09-01-08,1.81,3.6861899999999999,1.8761900000000000,4.953320000000000,-3.143320000000000,820.0
10-01-08,0.97,3.814091000000000,2.844091000000000,3.7310580000000000,-2.761058000000000,777.0
11-01-08,0.39,3.526667000000000,3.1366670000000001,1.0999170000000000,-0.7099170000000000,652.0
12-01-08,0.16,2.4163640000000002,2.2563640000000000,-0.02222800000000000,0.18222800000000000,560.0
01-01-09,0.15,2.5175,2.3675,-0.11358600000000001,0.2635860000000000,490.0
02-01-09,0.22,2.87,2.65,0.008463000000000000,0.21153700000000000,582.0
03-01-09,0.18,2.819545000000000,2.6395450000000000,-0.4464790000000000,0.6264790000000000,505.0
04-01-09,0.15,2.927143000000000,2.777143000000000,-0.5763239999999999,0.7263240000000000,478.0
05-01-09,0.18,3.293,3.113,-1.015761000000000,1.1957610000000001,540.0
06-01-09,0.21,3.7218179999999998,3.5118179999999999,-1.2291749999999999,1.4391750000000001,585.0
07-01-09,0.16,3.5622729999999998,3.4022730000000001,-1.9587610000000000,2.1187610000000001,594.0
08-01-09,0.16,3.587143000000000,3.427143000000000,-1.4838359999999999,1.6438360000000001,586.0
09-01-09,0.15,3.401905000000000,3.251905000000000,-1.377943000000000,1.527943000000000,585.0
10-01-09,0.12,3.3876189999999999,3.2676189999999998,-0.22396800000000000,0.3439680000000000,534.0
11-01-09,0.12,3.4026320000000001,3.2826320000000000,1.9145870000000000,-1.7945869999999999,588.0
12-01-09,0.12,3.5899999999999999,3.47,2.8141229999999999,-2.6941229999999998,581.0
01-01-10,0.11,3.7331580000000000,3.623158000000000,2.6211110000000000,-2.511111000000000,614.0
02-01-10,0.13,3.691053000000000,3.561053000000000,2.151336000000000,-2.021336000000000,604.0
03-01-10,0.16,3.7273909999999999,3.5673910000000002,2.2861710000000000,-2.1261709999999998,636.0
04-01-10,0.2,3.8468179999999998,3.6468180000000001,2.2067709999999998,-2.00677100000000,687.0
05-01-10,0.2,3.4199999999999999,3.22,2.003549000000000,-1.8035490000000001,583.0
06-01-10,0.18,3.2040910000000000,3.0240909999999999,1.1215610000000000,-0.9415610000000000,536.0
07-01-10,0.18,3.0114290000000001,2.8314290000000000,1.3407780000000000,-1.1607780000000001,546.0
08-01-10,0.19,2.6986360000000000,2.5086360000000001,1.1501779999999999,-0.9601780000000000,599.0
09-01-10,0.19,2.6476190000000002,2.4576190000000002,1.1183120000000000,-0.9283120000000000,594.0
10-01-10,0.19,2.54,2.35,1.1666950000000000,-0.9766950000000000,543.0
11-01-10,0.19,2.763,2.573,1.084545000000000,-0.894545000000000,545.0
12-01-10,0.18,3.290909000000000,3.110909000000000,1.437793000000000,-1.257793000000000,539.0
01-01-11,0.17,3.3940000000000001,3.2240000000000002,1.7007829999999999,-1.5307830000000000,630.0
02-01-11,0.16,3.5763159999999998,3.416316000000000,2.124898000000000,-1.9648980000000000,517.0
03-01-11,0.14,3.4143479999999999,3.2743479999999998,2.619242000000000,-2.479242000000000,600.0
04-01-11,0.1,3.4550000000000001,3.3550000000000000,3.0772339999999998,-2.9772340000000002,554.0
05-01-11,0.09,3.168571000000000,3.078571000000000,3.4589720000000002,-3.3689720000000,561.0
06-01-11,0.09,3.002273000000000,2.912273000000000,3.5023179999999998,-3.4123180000000000,608.0
07-01-11,0.07,3.003,2.9329999999999998,3.5798809999999999,-3.5098810000000000,623.0
08-01-11,0.1,2.3030430000000002,2.203043000000000,3.75499600000000,-3.6549960000000001,585.0
09-01-11,0.08,1.975238000000000,1.895238000000000,3.812622000000000,-3.732622000000000,650.0
10-01-11,0.07,2.152,2.0819999999999999,3.5222680000000000,-3.4522680000000001,610.0
11-01-11,0.08,2.0135000000000001,1.9335000000000000,3.451432000000000,-3.371432000000000,711.0
12-01-11,0.07,1.9780949999999999,1.908095000000000,3.062067000000000,-2.9920670000000000,694.0
01-01-12,0.08,1.9665,1.8865000000000001,3.0087660000000001,-2.9287660000000000,723.0
02-01-12,0.1,1.9675,1.8675,2.8981780000000001,-2.7981780000000001,704.0
03-01-12,0.13,2.1727270000000001,2.0427270000000002,2.5828750000000000,-2.4528750000000001,695.0
04-01-12,0.14,2.052857000000000,1.9128570000000000,2.2731629999999998,-2.1331630000000001,753.0
05-01-12,0.16,1.8031820000000001,1.6431819999999999,1.7379430000000000,-1.577943000000000,708.0
06-01-12,0.16,1.6223810000000001,1.4623809999999999,1.653870000000000,-1.4938700000000000,757.0
07-01-12,0.16,1.5266670000000000,1.366667000000000,1.4175110000000000,-1.2575110000000000,740.0
08-01-12,0.13,1.6782610000000000,1.5482610000000001,1.6859350000000000,-1.5559350000000001,754.0
09-01-12,0.14,1.7231580000000000,1.5831580000000001,1.9497169999999999,-1.8097170000000000,847.0
10-01-12,0.16,1.7461899999999999,1.5861900000000000,2.1556780000000000,-1.9956780000000001,915.0
11-01-12,0.16,1.654,1.494,1.7960199999999999,-1.6360200000000000,833.0
12-01-12,0.16,1.719,1.5589999999999999,1.7595050000000001,-1.5995050000000000,976.0
01-01-13,0.14,1.9147620000000001,1.7747620000000000,1.684062000000000,-1.5440620000000000,888.0
02-01-13,0.15,1.9842109999999999,1.8342110000000000,2.0181399999999998,-1.8681399999999999,962.0
03-01-13,0.14,1.9575,1.8175,1.5187470000000001,-1.3787469999999999,1010.0
04-01-13,0.15,1.7590910000000000,1.6090910000000000,1.138808000000000,-0.9888080000000000,835.0
05-01-13,0.11,1.9281820000000001,1.8181820000000000,1.3903890000000001,-1.2803890000000000,930.0
06-01-13,0.09,2.3,2.21,1.7157940000000000,-1.6257940000000000,839.0
07-01-13,0.09,2.5822729999999998,2.4922730000000000,1.885472000000000,-1.7954720000000000,880.0
08-01-13,0.08,2.7372730000000001,2.6572730000000000,1.538809000000000,-1.458809000000000,917.0
09-01-13,0.08,2.8095,2.7295,1.0947340000000001,-1.0147340000000000,850.0
10-01-13,0.09,2.6159089999999998,2.525909000000000,0.8767990000000000,-0.7867990000000000,925.0
11-01-13,0.08,2.718421000000000,2.638421000000000,1.2328699999999999,-1.1528700000000001,1100.0
12-01-13,0.09,2.901905000000000,2.811905000000000,1.5128379999999999,-1.4228380000000000,1002.0
01-01-14,0.07,2.858095000000000,2.788095000000000,1.557759000000000,-1.487759000000000,888.0
02-01-14,0.07,2.709474000000000,2.639474000000000,1.1204750000000001,-1.0504750000000000,944.0
03-01-14,0.08,2.723333000000000,2.643333000000000,1.6126950000000000,-1.5326949999999999,970.0
04-01-14,0.09,2.705238000000000,2.6152380000000002,2.015125000000000,-1.9251250000000000,1043.0
05-01-14,0.09,2.559048000000000,2.469048000000000,2.166948000000000,-2.0769479999999998,1007.0
06-01-14,0.1,2.5985710000000002,2.4985710000000001,2.0589819999999999,-1.9589820000000000,911.0
07-01-14,0.09,2.5422729999999998,2.4522729999999999,1.9742379999999999,-1.8842380000000001,1085.0
08-01-14,0.09,2.42,2.33,1.7150980000000000,-1.6250979999999999,984.0
09-01-14,0.09,2.5342859999999998,2.4442860000000000,1.6840510000000000,-1.5940510000000001,1023.0
10-01-14,0.09,2.304091000000000,2.2140909999999998,1.6095420000000000,-1.519542000000000,1074.0
11-01-14,0.09,2.3255560000000002,2.2355559999999999,1.231525000000000,-1.141525000000000,1001.0
12-01-14,0.12,2.2072729999999998,2.0872730000000002,0.6531210000000000,-0.5331210000000000,1073.0
01-01-15,0.11,1.8815000000000000,1.7715,-0.22993100000000000,0.33993099999999998,1085.0
02-01-15,0.11,1.9752630000000000,1.8652629999999999,-0.08703100000000000,0.19703100000000001,886.0
03-01-15,0.11,2.0427270000000002,1.9327270000000001,-0.022030999999999999,0.13203100000000001,960.0
04-01-15,0.12,1.935,1.815,-0.10403100000000000,0.22403100000000001,1190.0
05-01-15,0.12,2.1974999999999998,2.0775,0.03503300000000000,0.08496700000000000,1079.0
06-01-15,0.13,2.3636360000000001,2.233636000000000,0.1795720000000000,-0.04957200000000000,1205.0
07-01-15,0.13,2.3245450000000001,2.194545000000000,0.22568600000000000,-0.09568599999999999,1146.0
08-01-15,0.14,2.1671429999999998,2.027143000000000,0.2413040000000000,-0.10130400000000001,1130.0
09-01-15,0.14,2.172857000000000,2.032857000000000,0.008843000000000000,0.13115700000000000,1224.0
10-01-15,0.12,2.07,1.9500000000000000,0.12761700000000001,-0.007617000000000000,1058.0
11-01-15,0.12,2.263158000000000,2.143158000000000,0.4363180000000000,-0.3163180000000000,1172.0
12-01-15,0.24,2.2427269999999999,2.002727000000000,0.6387250000000000,-0.3987250000000000,1146.0
01-01-16,0.34,2.0852629999999999,1.7452630000000000,1.2375030000000000,-0.8975030000000001,1092.0
02-01-16,0.38,1.7795,1.3995000000000000,0.8472780000000000,-0.46727800000000003,1225.0
03-01-16,0.36,1.8890910000000001,1.5290910000000000,0.8916160000000000,-0.5316160000000000,1111.0
04-01-16,0.37,1.805238000000000,1.4352380000000000,1.1726259999999999,-0.8026260000000000,1163.0
05-01-16,0.37,1.8061900000000000,1.4361900000000001,1.0784760000000000,-0.7084760000000000,1148.0
06-01-16,0.38,1.6440910000000000,1.2640910000000001,1.0792870000000001,-0.6992870000000000,1203.0
07-01-16,0.39,1.504,1.1140000000000001,0.8683630000000000,-0.4783630000000000,1239.0
08-01-16,0.4,1.556522000000000,1.1565220000000000,1.0553159999999999,-0.6553160000000000,1171.0
09-01-16,0.4,1.6304760000000000,1.2304759999999999,1.5486450000000000,-1.1486449999999999,1068.0
10-01-16,0.4,1.7645,1.3645,1.685925000000000,-1.285925000000000,1313.0
11-01-16,0.41,2.1419999999999999,1.7320000000000000,1.6843330000000001,-1.274333000000000,1140.0
12-01-16,0.54,2.491905000000000,1.9519050000000000,2.0507990000000000,-1.5107990000000000,1252.0
01-01-17,0.65,2.4325,1.7825000000000000,2.5103930000000001,-1.8603930000000000,1190.0
02-01-17,0.66,2.4189470000000002,1.7589470000000000,2.8103620000000000,-2.1503619999999999,1271.0
03-01-17,0.79,2.4817390000000001,1.6917390000000001,2.44119600000000,-1.65119600000000,1190.0
04-01-17,0.9,2.2973680000000001,1.3973679999999999,2.176223000000000,-1.276223000000000,1146.0
05-01-17,0.91,2.3036360000000000,1.3936360000000001,1.8563430000000001,-0.9463430000000000,1157.0
06-01-17,1.04,2.186818000000000,1.146818000000000,1.640566000000000,-0.6005660000000000,1249.0
07-01-17,1.15,2.318,1.1679999999999999,1.7251069999999999,-0.5751070000000000,1206.0
08-01-17,1.16,2.2091300000000000,1.0491299999999999,1.92812200000000,-0.7681220000000000,1159.0
09-01-17,1.15,2.202,1.052,2.1805650000000001,-1.0305650000000000,1181.0
10-01-17,1.15,2.3599999999999999,1.2100000000000000,2.020758000000000,-0.870758000000000,1257.0
11-01-17,1.16,2.3533330000000001,1.1933330000000000,2.172494000000000,-1.012494000000000,1273.0
12-01-17,1.3,2.4025,1.1025000000000000,2.129931000000000,-0.8299310000000000,1177.0
01-01-18,1.41,2.583810000000000,1.1738100000000000,2.151319000000000,-0.7413190000000000,1299.0
02-01-18,1.42,2.8589470000000001,1.4389470000000000,2.263469000000000,-0.843469000000000,1277.0
03-01-18,1.51,2.8423810000000000,1.3323810000000000,2.3309500000000001,-0.8209500000000000,1318.0
04-01-18,1.69,2.869048000000000,1.1790480000000001,2.4709960000000000,-0.7809960000000000,1276.0
05-01-18,1.7,2.977727000000000,1.277727000000000,2.781922000000000,-1.081922000000000,1357.0
06-01-18,1.82,2.9123809999999999,1.0923810000000000,2.8075510000000001,-0.9875510000000000,1192.0
07-01-18,1.91,2.889048000000000,0.9790480000000000,2.854125000000000,-0.944125000000000,1208.0
08-01-18,1.91,2.889130000000000,0.9791299999999999,2.6429239999999998,-0.7329240000000000,1288.0
09-01-18,1.95,3.004211000000000,1.0542110000000000,2.332055000000000,-0.38205499999999998,1250.0
10-01-18,2.19,3.152273000000000,0.962273000000000,2.492032000000000,-0.302032000000000,1221.0
11-01-18,2.2,3.117,0.9170000000000000,2.147329000000000,0.0526710000000000,1181.0
12-01-18,2.27,2.8326319999999998,0.5626320000000000,2.0023810000000002,0.2676190000000000,1095.0
01-01-19,2.4,2.713810000000000,0.3138100000000000,1.4875890000000001,0.9124110000000000,1226.0
02-01-19,2.4,2.6763159999999999,0.2763160000000000,1.5188619999999999,0.8811380000000000,1121.0
03-01-19,2.41,2.570952000000000,0.16095200000000001,1.8831860000000000,0.5268140000000000,1191.0
04-01-19,2.42,2.532381000000000,0.11238099999999999,2.000583000000000,0.41941699999999998,1272.0
05-01-19,2.39,2.395,0.005000000000000000,1.7959110000000000,0.5940890000000000,1293.0
06-01-19,2.38,2.074,-0.30599999999999999,1.671195000000000,0.7088050000000000,1243.0
07-01-19,2.4,2.059091000000000,-0.34090900000000002,1.826331000000000,0.5736690000000000,1240.0
08-01-19,2.13,1.6263639999999999,-0.5036360000000000,1.7376410000000000,0.3923590000000000,1375.0
09-01-19,2.04,1.6995,-0.3405,1.6844980000000001,0.3555020000000000,1311.0
10-01-19,1.83,1.7068179999999999,-0.12318200000000000,1.7339739999999999,0.09602600000000000,1325.0
11-01-19,1.55,1.8121050000000001,0.2621050000000000,2.092290000000000,-0.5422900000000000,1353.0
12-01-19,1.55,1.8628570000000000,0.3128570000000000,2.3195269999999999,-0.7695270000000000,1548.0
01-01-20,1.55,1.7576190000000000,0.20761900000000000,2.599768000000000,-1.049768000000000,1581.0
02-01-20,1.58,1.5042110000000000,-0.0757890000000000,2.3413170000000001,-0.7613170000000000,1549.0
03-01-20,0.65,0.87,0.22000000000000000,1.4940400000000000,-0.8440400000000000,1266.0
04-01-20,0.05,0.6576190000000000,0.6076190000000000,0.3130470000000000,-0.2630470000000000,936.0
05-01-20,0.05,0.674,0.624,0.1982010000000000,-0.14820100000000000,1039.0
06-01-20,0.08,0.7286360000000000,0.6486360000000000,0.7166560000000000,-0.6366560000000000,1266.0
07-01-20,0.09,0.6236360000000000,0.5336360000000000,0.9968650000000000,-0.9068650000000000,1526.0
08-01-20,0.1,0.65,0.55,1.2810699999999999,-1.1810700000000001,1396.0
09-01-20,0.09,0.6795240000000000,0.5895240000000000,1.3910229999999999,-1.3010230000000000,1473.0
10-01-20,0.09,0.7871430000000000,0.6971430000000000,1.2303860000000000,-1.1403859999999999,1543.0
11-01-20,0.09,0.8700000000000000,0.7800000000000000,1.1757450000000000,-1.0857450000000000,1543.0
12-01-20,0.09,0.9336360000000000,0.8436360000000001,1.3204190000000000,-1.2304189999999999,1614.0
01-01-21,0.09,1.0810530000000000,0.9910530000000000,1.3553200000000001,-1.2653200000000000,1630.0
02-01-21,0.08,1.2578950000000000,1.177895000000000,1.667502000000000,-1.587502000000000,1404.0
03-01-21,0.07,1.6108700000000000,1.5408700000000000,2.623646000000000,-2.553646000000000,1696.0
04-01-21,0.07,1.635,1.565,4.137373000000000,-4.067373000000000,1495.0
05-01-21,0.06,1.621,1.561,4.9264669999999997,-4.866467000000000,1589.0
06-01-21,0.08,1.5190910000000000,1.4390909999999999,5.317419000000000,-5.237419000000000,1650.0
07-01-21,0.1,1.3185709999999999,1.2185710000000001,5.269168000000000,-5.169168000000000,1597.0
08-01-21,0.09,1.2831820000000000,1.1931820000000000,5.181323000000000,-5.091323000000000,1594.0
09-01-21,0.08,1.3747620000000000,1.2947620000000000,5.363523000000000,-5.283523000000000,1577.0
10-01-21,0.08,1.5825,1.5025,6.226591000000000,-6.146591000000000,1579.0
11-01-21,0.08,1.5595,1.4795,6.865560000000000,-6.785560000000000,1705.0
12-01-21,0.08,1.4650000000000001,1.3850000000000000,7.159457000000000,-7.079457000000000,1722.0
01-01-22,0.08,1.764,1.684,7.578082000000000,-7.498082000000000,1702.0
02-01-22,0.08,1.9342109999999999,1.8542110000000001,7.949221000000000,-7.869221000000000,1735.0
03-01-22,0.2,2.1278260000000002,1.9278260000000000,8.540780000000000,-8.340780000000001,1712.0
04-01-22,0.33,2.7475,2.4175,8.235162000000001,-7.905162000000000,1820.0
05-01-22,0.77,2.8980950000000001,2.1280950000000001,8.530052000000000,-7.760052000000000,1531.0
06-01-22,1.21,3.1433330000000002,1.9333330000000000,8.999298000000000,-7.789298000000000,1551.0
07-01-22,1.68,2.896,1.216,8.447778000000000,-6.767778000000000,1381.0
08-01-22,2.33,2.8978259999999998,0.5678260000000001,8.216255000000000,-5.886255000000000,1531.0
09-01-22,2.56,3.5190480000000002,0.9590480000000000,8.205752000000000,-5.645752000000000,1488.0
10-01-22,3.08,3.9834999999999998,0.9035000000000000,7.757261000000000,-4.677261000000000,1435.0
11-01-22,3.78,3.8910000000000000,0.11100000000000000,7.131380000000000,-3.351380000000000,1424.0
12-01-22,4.1,3.616190000000000,-0.4838100000000000,6.410832000000000,-2.310832000000000,1308.0
01-01-23,4.33,3.5315,-0.7985000000000000,6.340296000000000,-2.010296000000000,1361.0
02-01-23,4.57,3.7468420000000000,-0.8231579999999999,5.957649000000000,-1.387649000000000,1399.0
03-01-23,4.65,3.6630430000000000,-0.9869570000000000,4.931349000000000,-0.2813490000000000,1377.0
04-01-23,4.83,3.46,-1.37,4.946947000000000,-0.11694700000000000,1354.0
05-01-23,5.06,3.5736360000000000,-1.4863640000000000,4.125315000000000,0.9346850000000000,1584.0
06-01-23,5.08,3.7480950000000002,-1.3319049999999999,3.0592530000000000,2.0207470000000001,1421.0
07-01-23,5.12,3.8995000000000002,-1.2204999999999999,3.28032800000000,1.8396720000000000,1460.0
08-01-23,5.33,4.167826000000000,-1.1621740000000000,3.7186360000000001,1.6113640000000000,1317.0
09-01-23,5.33,4.379,-0.9510000000000000,3.6950820000000002,1.6349180000000001,1371.0
10-01-23,5.33,4.798095000000000,-0.5319050000000000,3.2465380000000001,2.0834619999999999,1368.0
11-01-23,5.33,4.502857000000000,-0.8271430000000000,3.139856000000000,2.190144000000000,1514.0
12-01-23,5.33,4.0199999999999996,-1.3100000000000001,3.322200000000000,2.007800000000000,1521.0
01-01-24,5.33,4.058095000000000,-1.2719050000000001,3.1079430000000001,2.2220569999999999,1381.0
02-01-24,5.33,4.2074999999999996,-1.1225000000000001,3.16642100000000,2.1635789999999999,1552.0
03-01-24,5.33,4.2085,-1.1214999999999999,3.4690010000000000,1.8609990000000001,1312.0
04-01-24,5.33,4.539091000000000,-0.790909000000000,3.3540470000000000,1.9759530000000001,1385.0
05-01-24,5.33,4.482273000000000,-0.8477270000000000,3.238866000000000,2.091134000000000,1316.0
06-01-24,5.33,4.3052630000000001,-1.0247370000000000,2.9700850000000001,2.3599150000000000,1327.0
07-01-24,5.33,4.248636000000000,-1.081364000000000,2.9384630000000000,2.3915370000000000,1265.0
08-01-24,5.33,3.8709090000000002,-1.4590909999999999,2.6109140000000002,2.7190859999999999,1391.0
09-01-24,5.13,3.7235,-1.4065000000000001,2.432541000000000,2.6974589999999998,1357.0
10-01-24,4.83,4.095455000000000,-0.7345450000000000,2.5714030000000001,2.2585970000000000,1352.0
11-01-24,4.64,4.35578900000000,-0.2842110000000000,2.7141679999999999,1.925832000000000,1295.0
12-01-24,4.48,4.3914289999999996,-0.08857100000000000,2.872366000000000,1.6076340000000000,1514.0
01-01-25,4.33,4.629048000000000,0.29904799999999998,2.999413000000000,1.3305870000000000,1358.0
02-01-25,4.33,4.451053000000000,0.12105299999999999,2.8142700000000000,1.5157300000000000,1490.0
03-01-25,4.33,4.2804760000000002,-0.049523999999999999,2.4055849999999999,1.9244150000000000,1355.0
04-01-25,4.33,4.279048000000000,-0.050951999999999997,2.3337469999999998,1.9962530000000001,1398.0
05-01-25,4.33,4.423810000000000,0.09381000000000000,2.3759340000000000,1.9540660000000001,1282.0
06-01-25,4.33,4.3835,0.05350000000000000,2.6726830000000001,1.6573169999999999,1382.0
07-01-25,4.33,4.391818000000000,0.06181800000000000,2.7318009999999999,1.5981989999999999,1420.0
08-01-25,4.33,4.2647620000000002,-0.06523800000000000,2.9392200000000002,1.3907799999999999,1291.0
09-01-25,4.22,4.12047600000000,-0.09952400000000000,3.022700000000000,1.1973000000000000,1306.0
10-01-25,4.09,4.0618179999999997,-0.028181999999999999,,,1246.0
11-01-25,3.88,4.0938889999999999,0.21388900000000000,2.711969000000000,1.168031000000000,
12-01-25,3.72,4.1431820000000004,0.4231820000000000,2.653312000000000,1.066688000000000,

