date,fed_funds_rate,treasury_10y_rate,yield_spread,inflation_yoy,real_policy_rate,housing_starts,regime
2054-07-01,0.8,,,,,,
2054-08-01,1.22,,,,,,
2054-09-01,1.07,,,,,,
2054-10-01,0.85,,,,,,
2054-11-01,0.83,,,,,,
2054-12-01,1.28,,,,,,
2055-01-01,1.39,,,,,,
2055-02-01,1.29,,,,,,
2055-03-01,1.35,,,,,,
2055-04-01,1.43,,,,,,
2055-05-01,1.43,,,,,,
2055-06-01,1.64,,,,,,
2055-07-01,1.68,,,-0.3723009999999999,2.052301,,
2055-08-01,1.96,,,-0.484171,2.444171,,
2055-09-01,2.18,,,0.149198,2.030802,,
2055-10-01,2.24,,,0.374251,1.865749,,
2055-11-01,2.35,,,0.3734129999999999,1.976587,,
2055-12-01,2.48,,,0.373552,2.106448,,
2056-01-01,2.45,,,0.224131,2.225869,,
2056-02-01,2.5,,,0.149142,2.350858,,
2056-03-01,2.5,,,0.373274,2.126726,,
2056-04-01,2.62,,,0.522583,2.097417,,
2056-05-01,2.75,,,0.971236,1.778764,,
2056-06-01,2.71,,,1.647323,1.062677,,
2056-07-01,2.75,,,1.980568,0.769432,,
2056-08-01,2.73,,,2.208084,0.521916,,
2056-09-01,2.95,,,1.862197,1.087803,,
2056-10-01,2.96,,,2.572707,0.387293,,
2056-11-01,2.88,,,2.34375,0.53625,,
2056-12-01,2.94,,,2.828433,0.111567,,
2057-01-01,2.84,,,3.130824,-0.290824,,
2057-02-01,3.0,,,3.499628,-0.499628,,
2057-03-01,2.96,,,3.607289,-0.647289,,
2057-04-01,3.0,,,3.713331,-0.713331,,
2057-05-01,3.0,,,3.588605,-0.588605,,
2057-06-01,3.0,,,3.535912,-0.535912,,
2057-07-01,2.99,,,3.297911,-0.3079109999999999,,
2057-08-01,3.24,,,3.551813,-0.311813,,
2057-09-01,3.47,,,3.546618,-0.076618,,
2057-10-01,3.5,,,2.944384,0.555616,,
2057-11-01,3.28,,,3.271538,0.008462,,
2057-12-01,2.98,,,3.040174,-0.060174,,
2058-01-01,2.72,,,3.505602,-0.785602,,
2058-02-01,1.67,,,3.23741,-1.56741,,
2058-03-01,1.2,,,3.625269,-2.425269,,
2058-04-01,1.26,,,3.616183,-2.356183,,
2058-05-01,0.63,,,3.357143,-2.727143,,
2058-06-01,0.93,,,2.845962,-1.915962,,
2058-07-01,0.68,,,2.48315,-1.80315,,
2058-08-01,1.53,,,2.333805,-0.803805,,
2058-09-01,1.76,,,2.083333,-0.323333,,
2058-10-01,1.8,,,2.083333,-0.283333,,
2058-11-01,2.27,,,1.900739,0.369261,,
2058-12-01,2.42,,,1.756235,0.663765,,
2059-01-01,2.48,,,1.291899,1.188101,1657.0,
2059-02-01,2.43,,,1.045296,1.384704,1667.0,
2059-03-01,2.8,,,0.34638,2.45362,1620.0,
2059-04-01,2.96,,,0.138217,2.821783,1590.0,
2059-05-01,2.9,,,0.345543,2.554457,1498.0,
2059-06-01,3.39,,,0.691802,2.698198,1503.0,
2059-07-01,3.47,,,0.899965,2.570035,1547.0,
2059-08-01,3.5,,,0.829302,2.670698,1430.0,
2059-09-01,3.76,,,1.176064,2.583936,1540.0,
2059-10-01,3.98,,,1.521965,2.458035,1355.0,
2059-11-01,4.0,,,1.381693,2.618307,1416.0,
2059-12-01,3.99,,,1.518813,2.471187,1601.0,
2060-01-01,3.99,,,1.240951,2.749049,1460.0,
2060-02-01,3.97,,,1.413793,2.556207,1503.0,
2060-03-01,3.84,,,1.518813,2.321187,1109.0,
2060-04-01,3.92,,,1.932367,1.987633,1289.0,
2060-05-01,3.85,,,1.825069,2.024931,1271.0,
2060-06-01,3.32,,,1.717623,1.602377,1247.0,
2060-07-01,3.23,,,1.372213,1.857787,1197.0,
2060-08-01,2.98,,,1.473612,1.506388,1344.0,
2060-09-01,2.6,,,1.230769,1.369231,1097.0,
2060-10-01,2.47,,,1.362862,1.107138,1246.0,
2060-11-01,2.44,,,1.465077,0.974923,1246.0,
2060-12-01,1.98,,,1.360082,0.619918,1063.0,
2061-01-01,1.45,,,1.600272,-0.150272,1183.0,
2061-02-01,2.54,,,1.462088,1.077912,1226.0,
2061-03-01,2.02,,,1.462088,0.557912,1312.0,
2061-04-01,1.49,,,0.914015,0.575985,1166.0,
2061-05-01,1.98,,,0.913088,1.066912,1228.0,
2061-06-01,1.73,,,0.776765,0.953235,1382.0,
2061-07-01,1.17,,,1.252115,-0.0821149999999999,1335.0,
2061-08-01,2.0,,,1.114488,0.885512,1312.0,
2061-09-01,1.88,,,1.249578,0.630422,1429.0,
2061-10-01,2.26,,,0.773109,1.486891,1415.0,
2061-11-01,2.61,,,0.671592,1.938408,1385.0,
2061-12-01,2.33,,,0.670916,1.659084,1365.0,
2062-01-01,2.15,4.083182,1.933182,0.670241,1.479759,1361.0,2.0
2062-02-01,2.37,4.039444,1.669444,0.904826,1.465174,1278.0,0.0
2062-03-01,2.85,3.930455,1.080455,1.105898,1.744102,1443.0,0.0
2062-04-01,2.78,3.843,1.063,1.341832,1.438168,1524.0,0.0
2062-05-01,2.36,3.873636,1.513636,1.340483,1.019517,1483.0,2.0
2062-06-01,2.68,3.909048,1.229048,1.239946,1.440054,1404.0,0.0
2062-07-01,2.71,4.014286,1.304286,1.002674,1.707326,1450.0,0.0
2062-08-01,2.93,3.975652,1.045652,1.135605,1.794395,1517.0,0.0
2062-09-01,2.9,3.978947,1.078947,1.467645,1.432355,1324.0,0.0
2062-10-01,2.9,3.925455,1.025455,1.334223,1.565777,1533.0,0.0
2062-11-01,2.94,3.915789,0.975789,1.334223,1.605777,1622.0,0.0
2062-12-01,2.93,3.8645,0.9345,1.232922,1.697078,1564.0,0.0
2063-01-01,2.92,3.833636,0.913636,1.331558,1.588442,1244.0,0.0
2063-02-01,3.0,3.921111,0.921111,1.228828,1.771172,1456.0,0.0
2063-03-01,2.98,3.928571,0.948571,1.126947,1.853053,1534.0,0.0
2063-04-01,2.9,3.970952,1.070952,0.893744,2.006256,1689.0,0.0
2063-05-01,3.0,3.93,0.93,0.892857,2.107143,1641.0,0.0
2063-06-01,2.99,3.993,1.003,1.324065,1.665935,1588.0,0.0
2063-07-01,3.02,4.020455,1.000455,1.555261,1.464739,1614.0,0.0
2063-08-01,3.49,4.002273,0.512273,1.55218,1.93782,1639.0,0.0
2063-09-01,3.48,4.0775,0.5975,0.986193,2.493807,1763.0,0.0
2063-10-01,3.5,4.106087,0.606087,1.217907,2.282093,1779.0,0.0
2063-11-01,3.48,4.121765,0.641765,1.316656,2.163344,1622.0,0.0
2063-12-01,3.38,4.128571,0.748571,1.64582,1.73418,1491.0,0.0
2064-01-01,3.48,4.166818,0.686818,1.642576,1.837424,1603.0,0.0
2064-02-01,3.48,4.145556,0.665556,1.410761,2.069239,1820.0,0.0
2064-03-01,3.43,4.219524,0.789524,1.409374,2.020626,1517.0,0.0
2064-04-01,3.47,4.232273,0.762273,1.541995,1.928005,1448.0,0.0
2064-05-01,3.5,4.2,0.7,1.540479,1.959521,1467.0,0.0
2064-06-01,3.5,4.17,0.67,1.306762,2.193238,1550.0,0.0
2064-07-01,3.42,4.185909,0.765909,1.075269,2.344731,1562.0,0.0
2064-08-01,3.5,4.19381,0.69381,0.97561,2.52439,1569.0,0.0
2064-09-01,3.45,4.20381,0.75381,1.171875,2.278125,1455.0,0.0
2064-10-01,3.36,4.188095,0.828095,1.203252,2.156748,1524.0,0.0
2064-11-01,3.52,4.152778,0.632778,1.397011,2.122989,1486.0,0.0
2064-12-01,3.85,4.179545,0.329545,1.198187,2.651813,1484.0,0.0
2065-01-01,3.9,4.1895,0.2894999999999999,1.098901,2.801099,1361.0,0.0
2065-02-01,3.98,4.211111,0.231111,1.197024,2.782976,1433.0,0.0
2065-03-01,4.05,4.210435,0.160435,1.195863,2.854137,1423.0,0.0
2065-04-01,4.09,4.20381,0.1138099999999999,1.389338,2.700662,1438.0,0.0
2065-05-01,4.1,4.2115,0.1115,1.613944,2.486056,1478.0,0.0
2065-06-01,4.05,4.213182,0.1631819999999999,1.93486,2.11514,1488.0,0.0
2065-07-01,4.09,4.204762,0.114762,1.805287,2.284713,1529.0,0.0
2065-08-01,4.12,4.252273,0.132273,1.610306,2.509694,1432.0,0.0
2065-09-01,4.02,4.290476,0.2704759999999999,1.737452,2.282548,1482.0,0.0
2065-10-01,4.08,4.3495,0.2695,1.703085,2.376915,1452.0,0.0
2065-11-01,4.1,4.448947,0.348947,1.730215,2.369785,1460.0,0.0
2065-12-01,4.32,4.615455,0.295455,1.92,2.4,1656.0,0.0
2066-01-01,4.42,4.612381,0.192381,1.918159,2.501841,1370.0,0.0
2066-02-01,4.6,4.832105,0.232105,2.557545,2.042455,1378.0,0.0
2066-03-01,4.66,4.873478,0.213478,2.778665,1.881335,1394.0,0.0
2066-04-01,4.67,4.75,0.08,2.868069,1.801931,1352.0,0.0
2066-05-01,4.9,4.778571,-0.121429,2.763659,2.136341,1265.0,0.0
2066-06-01,5.17,4.814545,-0.355455,2.435938,2.734062,1194.0,0.0
2066-07-01,5.3,5.018,-0.2819999999999999,2.754908,2.545092,1086.0,0.0
2066-08-01,5.53,5.224348,-0.305652,3.486529,2.043471,1119.0,0.0
2066-09-01,5.4,5.182381,-0.217619,3.573688,1.826312,1046.0,0.0
2066-10-01,5.53,5.0115,-0.5185,3.791469,1.738531,843.0,0.0
2066-11-01,5.76,5.155263,-0.604737,3.559055,2.200945,961.0,0.0
2066-12-01,5.4,4.842857,-0.557143,3.359498,2.040502,990.0,0.0
2067-01-01,4.94,4.579048,-0.360952,3.199498,1.740502,1067.0,0.0
2067-02-01,5.0,4.626667,-0.373333,2.86783,2.13217,1123.0,0.0
2067-03-01,4.53,4.541818,0.011818,2.548167,1.981833,1056.0,0.0
2067-04-01,4.05,4.5935,0.5435,2.540273,1.509727,1091.0,0.0
2067-05-01,3.94,4.847727,0.907727,2.318393,1.621607,1304.0,0.0
2067-06-01,3.98,5.022727,1.042727,2.84126,1.13874,1248.0,0.0
2067-07-01,3.79,5.159,1.369,2.927581,0.862419,1364.0,2.0
2067-08-01,3.9,5.275652,1.375652,2.603369,1.296631,1407.0,0.0
2067-09-01,3.99,5.302,1.312,2.59542,1.39458,1421.0,0.0
2067-10-01,3.88,5.480952,1.600952,2.587519,1.292481,1491.0,0.0
2067-11-01,4.13,5.7535,1.6235,3.10219,1.02781,1538.0,2.0
2067-12-01,4.51,5.699,1.189,3.28068,1.22932,1308.0,0.0
2068-01-01,4.61,5.528636,0.918636,3.647416,0.962584,1380.0,0.0
2068-02-01,4.71,5.563684,0.853684,3.636364,1.073636,1520.0,0.0
2068-03-01,5.05,5.74,0.69,3.939394,1.110606,1466.0,0.0
2068-04-01,5.76,5.6385,-0.1215,3.927492,1.832508,1554.0,0.0
2068-05-01,6.12,5.869545,-0.2504549999999999,4.229607,1.890393,1408.0,0.0
2068-06-01,6.07,5.718,-0.352,4.204204,1.865796,1405.0,0.0
2068-07-01,6.03,5.495455,-0.534545,4.491018,1.538982,1512.0,0.0
2068-08-01,6.03,5.420455,-0.609545,4.477612,1.552388,1495.0,0.0
2068-09-01,5.78,5.46,-0.32,4.464286,1.315714,1556.0,0.0
2068-10-01,5.91,5.582609,-0.327391,4.747774,1.162226,1569.0,0.0
2068-11-01,5.82,5.696111,-0.123889,4.424779,1.395221,1630.0,0.0
2068-12-01,6.02,6.031905,0.011905,4.705882,1.314118,1548.0,0.0
2069-01-01,6.3,6.041818,-0.258182,4.692082,1.607918,1769.0,0.0
2069-02-01,6.61,6.188947,-0.421053,4.678363,1.931637,1705.0,0.0
2069-03-01,6.79,6.296,-0.494,5.247813,1.542187,1561.0,0.0
2069-04-01,7.41,6.173333,-1.236667,5.523256,1.886744,1524.0,0.0
2069-05-01,8.67,6.323333,-2.346667,5.507246,3.162754,1583.0,0.0
2069-06-01,8.9,6.574286,-2.325714,5.475504,3.424496,1528.0,0.0
2069-07-01,8.61,6.719524,-1.890476,5.444126,3.165874,1368.0,0.0
2069-08-01,9.19,6.691429,-2.498571,5.428571,3.761429,1358.0,0.0
2069-09-01,9.15,7.159524,-1.990476,5.698006,3.451994,1507.0,0.0
2069-10-01,9.0,7.095455,-1.904545,5.665722,3.334278,1381.0,0.0
2069-11-01,8.85,7.144118,-1.705882,5.932203,2.917797,1229.0,0.0
2069-12-01,8.97,7.654091,-1.315909,5.898876,3.071124,1327.0,0.0
2070-01-01,8.98,7.794762,-1.185238,6.162465,2.817535,1085.0,0.0
2070-02-01,8.98,7.238333,-1.741667,6.424581,2.555419,1305.0,1.0
2070-03-01,7.76,7.072857,-0.687143,6.094183,1.665817,1319.0,0.0
2070-04-01,8.1,7.390909,-0.709091,6.060606,2.039394,1264.0,0.0
2070-05-01,7.95,7.90619,-0.04381,6.043956,1.906044,1290.0,0.0
2070-06-01,7.61,7.841818,0.231818,6.010929,1.599071,1385.0,0.0
2070-07-01,7.21,7.457273,0.247273,5.706522,1.503478,1517.0,0.0
2070-08-01,6.62,7.527143,0.907143,5.691057,0.928943,1399.0,0.0
2070-09-01,6.29,7.389524,1.099524,5.660377,0.629623,1534.0,0.0
2070-10-01,6.2,7.326667,1.126667,5.630027,0.569973,1580.0,2.0
2070-11-01,5.6,6.841111,1.241111,5.6,-0.0,1647.0,2.0
2070-12-01,4.9,6.391364,1.491364,5.570292,-0.670292,1893.0,2.0
2071-01-01,4.14,6.2385,2.0985,5.277045,-1.137045,1828.0,2.0
2071-02-01,3.72,6.112222,2.392222,4.724409,-1.004409,1741.0,2.0
2071-03-01,3.71,5.703478,1.993478,4.438642,-0.728642,1910.0,2.0
2071-04-01,4.16,5.83381,1.67381,4.155844,0.004156,1986.0,2.0
2071-05-01,4.63,6.3925,1.7625,4.404145,0.225855,2049.0,2.0
2071-06-01,4.91,6.522273,1.612273,4.381443,0.528557,2026.0,2.0
2071-07-01,5.31,6.729524,1.419524,4.37018,0.93982,2083.0,0.0
2071-08-01,5.57,6.582727,1.012727,4.358974,1.211026,2158.0,0.0
2071-09-01,5.55,6.139524,0.589524,4.081633,1.468367,2041.0,0.0
2071-10-01,5.2,5.925789,0.725789,3.807107,1.392893,2128.0,0.0
2071-11-01,4.91,5.81,0.9,3.535354,1.374646,2182.0,0.0
2071-12-01,4.14,5.926364,1.786364,3.266332,0.873668,2295.0,2.0
2072-01-01,3.51,5.947619,2.437619,3.258145,0.251855,2494.0,2.0
2072-02-01,3.3,6.081,2.781,3.759398,-0.459398,2390.0,2.0
2072-03-01,3.83,6.068636,2.238636,3.5,0.33,2334.0,2.0
2072-04-01,4.17,6.1945,2.0245,3.491272,0.678728,2249.0,2.0
2072-05-01,4.27,6.126364,1.856364,3.225806,1.044194,2221.0,2.0
2072-06-01,4.46,6.106818,1.646818,2.962963,1.497037,2254.0,0.0
2072-07-01,4.55,6.113,1.563,2.955665,1.594335,2252.0,0.0
2072-08-01,4.81,6.210435,1.400435,2.948403,1.861597,2382.0,0.0
2072-09-01,4.87,6.5495,1.6795,3.186275,1.683725,2481.0,0.0
2072-10-01,5.05,6.4795,1.4295,3.178484,1.871516,2485.0,0.0
2072-11-01,5.06,6.2805,1.2205,3.414634,1.645366,2421.0,0.0
2072-12-01,5.33,6.3585,1.0285,3.406326,1.923674,2366.0,0.0
2073-01-01,5.94,6.464545,0.524545,3.640777,2.299223,2481.0,0.0
2073-02-01,6.58,6.635556,0.055556,3.864734,2.715266,2289.0,0.0
2073-03-01,7.09,6.709091,-0.380909,4.830918,2.259082,2365.0,0.0
2073-04-01,7.12,6.6685,-0.4515,5.301205,1.818795,2084.0,0.0
2073-05-01,7.84,6.847273,-0.992727,5.528846,2.311154,2266.0,0.0
2073-06-01,8.49,6.9,-1.59,5.995204,2.494796,2067.0,0.0
2073-07-01,10.4,7.130952,-3.269048,5.741627,4.658373,2123.0,1.0
2073-08-01,10.5,7.404783,-3.095217,7.398568,3.101432,2051.0,1.0
2073-09-01,10.78,7.090526,-3.689474,7.363419999999999,3.41658,1874.0,1.0
2073-10-01,10.01,6.794286,-3.215714,8.056872,1.953128,1677.0,1.0
2073-11-01,10.03,6.7285,-3.3015,8.254717,1.775283,1724.0,1.0
2073-12-01,9.95,6.743684,-3.206316,8.941176,1.008824,1526.0,1.0
2074-01-01,9.65,6.988636,-2.661364,9.601874,0.048126,1451.0,1.0
2074-02-01,8.97,6.957222,-2.012778,10.0,-1.03,1752.0,1.0
2074-03-01,9.35,7.209048,-2.140952,10.138249,-0.788249,1555.0,1.0
2074-04-01,10.51,7.512381,-2.997619,10.06865,0.44135,1607.0,1.0
2074-05-01,11.31,7.575909,-3.734091,10.70615,0.60385,1426.0,1.0
2074-06-01,11.93,7.5355,-4.3945,10.859729,1.070271,1513.0,1.0
2074-07-01,12.92,7.805,-5.115,11.538462,1.381538,1316.0,1.0
2074-08-01,12.01,8.044091,-3.965909,10.888889,1.121111,1142.0,1.0
2074-09-01,11.34,8.0375,-3.3025,11.946903,-0.606903,1150.0,1.0
2074-10-01,10.06,7.896817999999999,-2.163182,11.842105,-1.782105,1070.0,1.0
2074-11-01,9.45,7.681111,-1.768889,12.200436,-2.750436,1026.0,1.0
2074-12-01,8.53,7.43381,-1.09619,12.095032,-3.565032,975.0,1.0
2075-01-01,7.13,7.501364,0.371364,11.752137,-4.622137,1032.0,1.0
2075-02-01,6.24,7.392222,1.152222,11.205074,-4.965074,904.0,1.0
2075-03-01,5.54,7.728,2.188,10.460251,-4.920251,993.0,2.0
2075-04-01,5.49,8.226818,2.736818,10.18711,-4.69711,1005.0,2.0
2075-05-01,5.22,8.059524,2.839524,9.259259,-4.039259,1121.0,2.0
2075-06-01,5.55,7.860952,2.310952,9.183673,-3.633673,1087.0,2.0
2075-07-01,6.1,8.061364,1.961364,9.533469,-3.433469,1226.0,2.0
2075-08-01,6.14,8.397619,2.257619,8.617234,-2.477234,1260.0,2.0
2075-09-01,6.24,8.426667,2.186667,7.905138,-1.665138,1264.0,2.0
2075-10-01,5.82,8.137727,2.317727,7.647059,-1.827059,1344.0,2.0
2075-11-01,5.22,8.052941,2.832941,7.378641,-2.158641,1360.0,2.0
2075-12-01,5.2,7.996818,2.796818,7.129094,-1.929094,1321.0,2.0
1976-01-01,4.87,7.742381,2.872381,6.692161,-1.822161,1367.0,2.0
1976-02-01,4.77,7.792778,3.022778,6.273764,-1.503764,1538.0,2.0
1976-03-01,4.84,7.734348,2.894348,6.060606,-1.220606,1421.0,2.0
1976-04-01,4.82,7.564286,2.744286,5.849057,-1.029057,1395.0,2.0
1976-05-01,5.29,7.894999999999999,2.605,6.214689,-0.924689,1459.0,2.0
1976-06-01,5.48,7.861364,2.381364,5.981308,-0.501308,1495.0,2.0
1976-07-01,5.31,7.831905,2.521905,5.555556,-0.245556,1401.0,2.0
1976-08-01,5.29,7.768636,2.478636,5.719557,-0.429557,1550.0,2.0
1976-09-01,5.25,7.594286,2.344286,5.494505,-0.244505,1720.0,2.0
1976-10-01,5.02,7.411,2.391,5.464481,-0.444481,1629.0,2.0
1976-11-01,4.95,7.291053,2.341053,5.063291,-0.113291,1641.0,2.0
1976-12-01,4.65,6.869091,2.219091,5.035971,-0.385971,1804.0,2.0
1977-01-01,4.61,7.213333,2.603333,5.197133,-0.587133,1527.0,2.0
1977-02-01,4.68,7.391053,2.711053,6.08229,-1.40229,1943.0,2.0
1977-03-01,4.69,7.46,2.77,6.428571,-1.738571,2063.0,2.0
1977-04-01,4.73,7.3705,2.6405,6.951872,-2.221872,1892.0,2.0
1977-05-01,5.35,7.456667,2.106667,6.737589,-1.387589,1971.0,2.0
1977-06-01,5.39,7.275455,1.885455,6.70194,-1.31194,1893.0,2.0
1977-07-01,5.42,7.33,1.91,6.666667,-1.246667,2058.0,2.0
1977-08-01,5.9,7.396522,1.496522,6.631763,-0.731763,2020.0,2.0
1977-09-01,6.14,7.34381,1.20381,6.423611,-0.283611,1949.0,2.0
1977-10-01,6.47,7.5235,1.0535,6.390328,0.079672,2042.0,2.0
1977-11-01,6.51,7.577368,1.067368,6.712565,-0.202565,2042.0,2.0
1977-12-01,6.56,7.685238,1.125238,6.678082,-0.118082,2142.0,2.0
1978-01-01,6.7,7.95619,1.25619,6.81431,-0.11431,1718.0,2.0
1978-02-01,6.78,8.033333,1.253333,6.23946,0.54054,1738.0,2.0
1978-03-01,6.79,8.035909,1.245909,6.375839,0.414161,2032.0,2.0
1978-04-01,6.89,8.154,1.264,6.5,0.39,2197.0,2.0
1978-05-01,7.36,8.345714,0.985714,7.142857,0.217143,2075.0,2.0
1978-06-01,7.6,8.462273,0.862273,7.438017,0.1619829999999999,2070.0,2.0
1978-07-01,7.81,8.64,0.83,7.730263,0.079737,2092.0,2.0
1978-08-01,8.04,8.41087,0.37087,7.855974,0.184026,1996.0,0.0
1978-09-01,8.45,8.4165,-0.0335,8.482871,-0.0328709999999999,1970.0,1.0
1978-10-01,8.96,8.642381,-0.317619,8.928571,0.031429,1981.0,1.0
1978-11-01,9.76,8.805,-0.955,8.870968,0.889032,2094.0,1.0
1978-12-01,10.03,9.0065,-1.0235,8.988764,1.041236,2044.0,1.0
1979-01-01,10.07,9.099545,-0.970455,9.250399,0.819601,1630.0,1.0
1979-02-01,10.06,9.098333,-0.961667,9.84127,0.21873,1520.0,1.0
1979-03-01,10.09,9.117273,-0.972727,10.252366,-0.162366,1847.0,1.0
1979-04-01,10.01,9.182,-0.828,10.485133,-0.475133,1748.0,1.0
1979-05-01,10.24,9.252381,-0.987619,10.697674,-0.457674,1876.0,1.0
1979-06-01,10.29,8.91381,-1.37619,11.076923,-0.786923,1913.0,1.0
1979-07-01,10.47,8.95,-1.52,11.450382,-0.980382,1760.0,1.0
1979-08-01,10.94,9.029565,-1.910435,11.836115,-0.896115,1778.0,1.0
1979-09-01,11.43,9.334737,-2.095263,11.879699,-0.449699,1832.0,1.0
1979-10-01,13.77,10.299091,-3.470909,12.071535,1.698465,1681.0,1.0
1979-11-01,13.18,10.653158,-2.526842,12.592593,0.587407,1524.0,1.0
1979-12-01,13.78,10.386,-3.394,13.254786,0.525214,1498.0,1.0
1980-01-01,13.82,10.802273,-3.017727,13.868613,-0.048613,1341.0,1.0
1980-02-01,14.13,12.414737,-1.715263,14.16185,-0.03185,1350.0,1.0
1980-03-01,17.19,12.749048,-4.440952,14.592275,2.597725,1047.0,1.0
1980-04-01,17.61,11.473333,-6.136667,14.589235,3.020765,1051.0,1.0
1980-05-01,10.98,10.181429,-0.798571,14.42577,-3.44577,927.0,1.0
1980-06-01,9.47,9.778095,0.308095,14.265928,-4.795928,1196.0,1.0
1980-07-01,9.03,10.247727,1.217727,13.150685,-4.120685,1269.0,1.0
1980-08-01,9.61,11.101905,1.491905,12.890095,-3.280095,1436.0,1.0
1980-09-01,10.87,11.508571,0.638571,12.768817,-1.898817,1471.0,1.0
1980-10-01,12.81,11.751364,-1.058636,12.632979,0.177021,1523.0,1.0
1980-11-01,15.85,12.684706,-3.165294,12.631579,3.218421,1510.0,1.0
1980-12-01,18.9,12.844091,-6.055909,12.353706,6.546294,1482.0,1.0
1981-01-01,19.08,12.568571,-6.511429,11.794872,7.285128,1547.0,1.0
1981-02-01,15.93,13.194444,-2.735556,11.392405,4.537595,1246.0,1.0
1981-03-01,14.7,13.115909,-1.584091,10.611735,4.088265,1306.0,1.0
1981-04-01,15.72,13.679524,-2.040476,10.13597,5.58403,1360.0,1.0
1981-05-01,18.52,14.0995,-4.4205,9.791922,8.728078,1140.0,1.0
1981-06-01,19.1,13.472273,-5.627727,9.69697,9.40303,1045.0,1.0
1981-07-01,19.04,14.280909,-4.759091,10.774818,8.265182,1041.0,1.0
1981-08-01,17.82,14.937143,-2.882857,10.817308,7.002692,940.0,1.0
1981-09-01,15.87,15.32381,-0.54619,10.965435,4.904565,911.0,1.0
1981-10-01,15.08,15.148095,0.068095,10.271547,4.808453,873.0,1.0
1981-11-01,13.31,13.392778,0.082778,9.579439,3.730561,837.0,1.0
1981-12-01,12.37,13.724545,1.354545,8.912037,3.457963,910.0,0.0
1982-01-01,13.22,14.594,1.374,8.256881,4.963119,843.0,0.0
1982-02-01,14.78,14.425556,-0.354444,7.613636,7.166364,866.0,0.0
1982-03-01,14.68,13.861304,-0.818696,6.884876,7.795124,931.0,0.0
1982-04-01,14.94,13.871905,-1.068095,6.621773,8.318227,917.0,0.0
1982-05-01,14.45,13.6225,-0.8275,6.911929,7.538071,1025.0,0.0
1982-06-01,14.15,14.299545,0.149545,7.18232,6.96768,902.0,0.0
1982-07-01,12.59,13.94619,1.35619,6.557377,6.032623,1166.0,0.0
1982-08-01,10.12,13.055,2.935,5.965293,4.154707,1046.0,0.0
1982-09-01,10.31,12.339048,2.029048,4.940924,5.369076,1144.0,0.0
1982-10-01,9.71,10.9065,1.1965,5.03212,4.67788,1173.0,0.0
1982-11-01,9.2,10.550526,1.350526,4.477612,4.722388,1372.0,0.0
1982-12-01,8.95,10.54,1.59,3.825717,5.124283,1303.0,0.0
1983-01-01,8.68,10.457143,1.777143,3.707627,4.972373,1586.0,0.0
1983-02-01,8.51,10.724737,2.214737,3.484688,5.025312,1699.0,0.0
1983-03-01,8.77,10.506522,1.736522,3.590285,5.179715,1606.0,0.0
1983-04-01,8.8,10.4,1.6,4.0,4.8,1472.0,0.0
1983-05-01,8.63,10.38,1.75,3.441084,5.188916,1776.0,0.0
1983-06-01,8.98,10.848636,1.868636,2.474227,6.505773,1733.0,0.0
1983-07-01,9.37,11.377,2.007,2.358974,7.011026,1785.0,0.0
1983-08-01,9.56,11.846087,2.286087,2.456499,7.103501,1910.0,0.0
1983-09-01,9.45,11.65381,2.20381,2.763562,6.686438,1710.0,0.0
1983-10-01,9.48,11.541,2.061,2.752294,6.727706,1715.0,0.0
1983-11-01,9.34,11.69,2.35,3.163265,6.176735,1785.0,0.0
1983-12-01,9.47,11.829524,2.359524,3.787103,5.682897,1688.0,0.0
1984-01-01,9.56,11.674286,2.114286,4.290092,5.269908,1897.0,0.0
1984-02-01,9.59,11.842105,2.252105,4.693878,4.896122,2260.0,0.0
1984-03-01,9.91,12.319091,2.409091,4.892966,5.017034,1663.0,0.0
1984-04-01,10.29,12.6335,2.3435,4.554656,5.735344,1851.0,0.0
1984-05-01,10.32,13.408636,3.088636,4.334677,5.985323,1774.0,0.0
1984-06-01,11.06,13.562857,2.502857,4.325956,6.734044,1843.0,0.0
1984-07-01,11.23,13.362381,2.132381,4.308617,6.921383,1732.0,0.0
1984-08-01,11.64,12.716087,1.076087,4.295704,7.344296,1586.0,0.0
1984-09-01,11.3,12.522632,1.222632,4.282869,7.017131,1698.0,0.0
1984-10-01,9.99,12.160455,2.170455,4.265873,5.724127,1590.0,0.0
1984-11-01,9.43,11.572632,2.142632,4.154303,5.275697,1689.0,0.0
1984-12-01,8.38,11.4995,3.1195,4.043393,4.336607,1612.0,0.0
1985-01-01,8.35,11.384286,3.034286,3.525955,4.824045,1711.0,0.0
1985-02-01,8.5,11.508889,3.008889,3.606238,4.893762,1632.0,0.0
1985-03-01,8.58,11.855238,3.275238,3.790087,4.789913,1800.0,0.0
1985-04-01,8.27,11.434762,3.164762,3.581801,4.688199,1821.0,0.0
1985-05-01,7.97,10.846818,2.876818,3.574879,4.395121,1680.0,0.0
1985-06-01,7.53,10.156,2.626,3.664417,3.865583,1676.0,0.0
1985-07-01,7.88,10.306818,2.426818,3.458213,4.421787,1684.0,0.0
1985-08-01,7.9,10.331818,2.431818,3.35249,4.54751,1743.0,0.0
1985-09-01,7.92,10.373158,2.453158,3.247373,4.672627,1676.0,0.0
1985-10-01,7.99,10.236818,2.246818,3.235014,4.754986,1834.0,0.0
1985-11-01,8.05,9.781579,1.731579,3.51377,4.53623,1698.0,0.0
1985-12-01,8.27,9.259048,0.989048,3.791469,4.478531,1942.0,0.0
1986-01-01,8.14,9.19381,1.05381,3.97351,4.16649,1972.0,0.0
1986-02-01,7.86,8.704211,0.844211,3.198495,4.661505,1848.0,0.0
1986-03-01,7.48,7.7785,0.2985,2.153558,5.326442,1876.0,0.0
1986-04-01,6.99,7.299091,0.309091,1.588785,5.401215,1933.0,0.0
1986-05-01,6.85,7.709524,0.859524,1.679104,5.170896,1854.0,0.0
1986-06-01,6.92,7.799524,0.879524,1.767442,5.152558,1847.0,0.0
1986-07-01,6.56,7.303182,0.743182,1.671309,4.888691,1782.0,0.0
1986-08-01,6.17,7.165714,0.995714,1.575533,4.594467,1807.0,0.0
1986-09-01,5.89,7.447619,1.557619,1.757632,4.132368,1687.0,0.0
1986-10-01,5.85,7.426364,1.576364,1.56682,4.28318,1681.0,0.0
1986-11-01,6.04,7.250556,1.210556,1.284404,4.755596,1623.0,0.0
1986-12-01,6.91,7.112727,0.202727,1.187215,5.722785,1833.0,0.0
1987-01-01,6.43,7.0845,0.6545,1.364877,5.065123,1774.0,0.0
1987-02-01,6.1,7.250526,1.150526,1.914312,4.185688,1784.0,0.0
1987-03-01,6.13,7.248636,1.118636,2.84143,3.28857,1726.0,0.0
1987-04-01,6.37,8.022857,1.652857,3.679853,2.690147,1614.0,0.0
1987-05-01,6.85,8.613,1.763,3.669725,3.180275,1628.0,0.0
1987-06-01,6.73,8.402273,1.672273,3.747715,2.982285,1594.0,0.0
1987-07-01,6.58,8.446818,1.866818,3.926941,2.653059,1575.0,0.0
1987-08-01,6.73,8.760476,2.030476,4.288321,2.441679,1605.0,0.0
1987-09-01,7.22,9.421905,2.201905,4.272727,2.947273,1695.0,0.0
1987-10-01,7.29,9.52,2.23,4.355717,2.934283,1515.0,0.0
1987-11-01,6.69,8.860526,2.170526,4.528986,2.161014,1656.0,0.0
1987-12-01,6.77,8.987727,2.217727,4.33213,2.43787,1400.0,0.0
1988-01-01,6.83,8.665789,1.835789,4.129264,2.700736,1271.0,0.0
1988-02-01,6.58,8.212,1.632,3.935599,2.644401,1473.0,0.0
1988-03-01,6.58,8.373478,1.793478,3.832442,2.747558,1532.0,0.0
1988-04-01,6.87,8.7185,1.8485,3.992902,2.877098,1573.0,0.0
1988-05-01,7.09,9.089048,1.999048,3.982301,3.107699,1421.0,0.0
1988-06-01,7.51,8.921364,1.411364,3.964758,3.545242,1478.0,0.0
1988-07-01,7.75,9.056,1.306,4.130053,3.619947,1467.0,0.0
1988-08-01,8.01,9.260435,1.250435,4.111986,3.898014,1493.0,0.0
1988-09-01,8.19,8.977143,0.787143,4.18483,4.00517,1492.0,0.0
1988-10-01,8.3,8.7955,0.4955,4.26087,4.03913,1522.0,0.0
1988-11-01,8.35,8.9625,0.6125,4.246101,4.103899,1569.0,0.0
1988-12-01,8.76,9.105714,0.345714,4.411765,4.348235,1563.0,0.0
1989-01-01,9.12,9.0915,-0.0285,4.482759,4.637241,1621.0,0.0
1989-02-01,9.36,9.168947,-0.191053,4.64716,4.71284,1425.0,0.0
1989-03-01,9.85,9.357727,-0.492273,4.892704,4.957296,1422.0,0.0
1989-04-01,9.84,9.1755,-0.6645,5.03413,4.80587,1339.0,0.0
1989-05-01,9.81,8.859091,-0.950909,5.276596,4.533404,1331.0,0.0
1989-06-01,9.53,8.277273,-1.252727,5.169492,4.360508,1397.0,0.0
1989-07-01,9.24,8.0185,-1.2215,5.063291,4.176709,1427.0,0.0
1989-08-01,8.99,8.112609,-0.877391,4.621849,4.368151,1332.0,0.0
1989-09-01,9.02,8.1905,-0.8295,4.435146,4.584854,1279.0,0.0
1989-10-01,8.84,8.007619,-0.832381,4.587156,4.252844,1410.0,0.0
1989-11-01,8.55,7.874285999999999,-0.675714,4.655029,3.894971,1351.0,0.0
1989-12-01,8.45,7.836,-0.614,4.639602,3.810398,1251.0,0.0
1990-01-01,8.23,8.206667,-0.023333,5.19802,3.03198,1551.0,0.0
1990-02-01,8.24,8.473158,0.233158,5.263158,2.976842,1437.0,0.0
1990-03-01,8.28,8.588636,0.308636,5.237316,3.042684,1289.0,0.0
1990-04-01,8.26,8.7855,0.5255,4.711617,3.548383,1248.0,0.0
1990-05-01,8.18,8.758182,0.578182,4.3654,3.8146,1212.0,0.0
1990-06-01,8.29,8.48,0.19,4.67365,3.61635,1177.0,0.0
1990-07-01,8.15,8.471429,0.321429,4.819277,3.330723,1171.0,0.0
1990-08-01,8.13,8.752609,0.622609,5.702811,2.427189,1115.0,0.0
1990-09-01,8.2,8.893158,0.693158,6.169872,2.030128,1110.0,0.0
1990-10-01,8.11,8.719545,0.609545,6.379585,1.730415,1014.0,0.0
1990-11-01,7.81,8.392,0.582,6.195393,1.614607,1145.0,0.0
1990-12-01,7.31,8.075,0.765,6.254949,1.055051,969.0,0.0
1991-01-01,6.91,8.091905,1.181905,5.647059,1.262941,798.0,0.0
1991-02-01,6.25,7.854737,1.604737,5.3125,0.9375,965.0,2.0
1991-03-01,6.12,8.11,1.99,4.821151,1.298849,921.0,2.0
1991-04-01,5.91,8.039091,2.129091,4.80993,1.10007,1001.0,2.0
1991-05-01,5.78,8.067727,2.287727,5.034857,0.745143,996.0,2.0
1991-06-01,5.9,8.284,2.384,4.69592,1.20408,1036.0,2.0
1991-07-01,5.82,8.272727,2.452727,4.367816,1.452184,1063.0,2.0
1991-08-01,5.66,7.9,2.24,3.799392,1.860608,1049.0,0.0
1991-09-01,5.45,7.65,2.2,3.396226,2.053774,1015.0,0.0
1991-10-01,5.21,7.527273,2.317273,2.848576,2.361424,1079.0,0.0
1991-11-01,4.81,7.417368,2.607368,3.066567,1.743433,1103.0,2.0
1991-12-01,4.43,7.088571,2.658571,2.980626,1.449374,1079.0,2.0
1992-01-01,4.03,7.032381,3.002381,2.672606,1.357394,1176.0,2.0
1992-02-01,4.06,7.337895,3.277895,2.818991,1.241009,1250.0,2.0
1992-03-01,3.98,7.542273,3.562273,3.189911,0.790089,1297.0,2.0
1992-04-01,3.73,7.480476,3.750476,3.182828,0.547172,1099.0,2.0
1992-05-01,3.82,7.392,3.572,3.023599,0.796401,1214.0,2.0
1992-06-01,3.76,7.261818,3.501818,3.014706,0.745294,1145.0,2.0
1992-07-01,3.25,6.844545,3.594545,3.157122,0.092878,1139.0,2.0
1992-08-01,3.3,6.585714,3.285714,3.074671,0.225329,1226.0,2.0
1992-09-01,3.22,6.415238,3.195238,2.992701,0.227299,1186.0,2.0
1992-10-01,3.1,6.589048,3.489048,3.279883,-0.1798829999999999,1244.0,2.0
1992-11-01,3.09,6.873158,3.783158,3.120464,-0.030464,1214.0,2.0
1992-12-01,2.92,6.77,3.85,2.966715,-0.046715,1227.0,2.0
1993-01-01,3.02,6.6,3.58,3.253796,-0.233796,1210.0,2.0
1993-02-01,3.03,6.258947,3.228947,3.246753,-0.216753,1210.0,2.0
1993-03-01,3.07,5.975217,2.905217,3.01941,0.05059,1083.0,2.0
1993-04-01,2.96,5.969524,3.009524,3.156385,-0.196385,1258.0,2.0
1993-05-01,3.0,6.0355,3.0355,3.221188,-0.221188,1260.0,2.0
1993-06-01,3.04,5.962727,2.922727,2.997859,0.042141,1280.0,2.0
1993-07-01,3.06,5.805238,2.745238,2.846975,0.213025,1254.0,2.0
1993-08-01,3.03,5.677727,2.647727,2.840909,0.189091,1300.0,2.0
1993-09-01,3.09,5.36,2.27,2.763997,0.3260029999999999,1343.0,2.0
1993-10-01,2.99,5.334,2.344,2.752294,0.237706,1392.0,2.0
1993-11-01,3.02,5.724,2.704,2.744546,0.2754539999999999,1376.0,2.0
1993-12-01,2.96,5.774091,2.814091,2.810963,0.149037,1533.0,2.0
1994-01-01,3.05,5.7505,2.7005,2.45098,0.59902,1272.0,2.0
1994-02-01,3.25,5.973158,2.723158,2.515723,0.734277,1337.0,2.0
1994-03-01,3.34,6.482609,3.142609,2.651779,0.688221,1564.0,2.0
1994-04-01,3.56,6.972105,3.412105,2.364395,1.195605,1465.0,2.0
1994-05-01,4.01,7.183333,3.173333,2.288488,1.721512,1526.0,2.0
1994-06-01,4.25,7.101364,2.851364,2.494802,1.755198,1409.0,2.0
1994-07-01,4.26,7.298,3.038,2.698962,1.561038,1439.0,2.0
1994-08-01,4.47,7.236087,2.766087,2.900552,1.569448,1450.0,2.0
1994-09-01,4.73,7.457143,2.727143,2.965517,1.764483,1474.0,2.0
1994-10-01,4.76,7.744,2.984,2.60989,2.15011,1450.0,2.0
1994-11-01,5.29,7.955,2.665,2.60274,2.68726,1511.0,0.0
1994-12-01,5.45,7.81381,2.36381,2.597403,2.852597,1455.0,0.0
1995-01-01,5.53,7.779499999999999,2.2495,2.870813,2.659187,1407.0,0.0
1995-02-01,5.92,7.469474,1.549474,2.862986,3.057014,1316.0,0.0
1995-03-01,5.98,7.204783,1.224783,2.78722,3.19278,1249.0,0.0
1995-04-01,6.05,7.062632,1.012632,3.125,2.925,1267.0,0.0
1995-05-01,6.01,6.632727,0.622727,3.118644,2.891356,1314.0,0.0
1995-06-01,6.0,6.168182,0.168182,3.042596,2.957404,1281.0,0.0
1995-07-01,5.85,6.278,0.428,2.830189,3.019811,1461.0,0.0
1995-08-01,5.74,6.488261,0.748261,2.61745,3.12255,1416.0,0.0
1995-09-01,5.8,6.1975,0.3975,2.545211,3.254789,1369.0,0.0
1995-10-01,5.76,6.044762,0.284762,2.744311,3.015689,1369.0,0.0
1995-11-01,5.8,5.930476,0.130476,2.603471,3.196529,1452.0,0.0
1995-12-01,5.6,5.7115,0.1115,2.531646,3.068354,1431.0,0.0
1996-01-01,5.56,5.652381,0.092381,2.790698,2.769302,1467.0,0.0
1996-02-01,5.22,5.8055,0.5855,2.717031,2.502969,1491.0,0.0
1996-03-01,5.31,6.268571,0.958571,2.843915,2.466085,1424.0,0.0
1996-04-01,5.22,6.511364,1.291364,2.832675,2.387325,1516.0,0.0
1996-05-01,5.24,6.736818,1.496818,2.827087,2.412913,1504.0,0.0
1996-06-01,5.27,6.912,1.642,2.821522,2.448478,1467.0,0.0
1996-07-01,5.4,6.865455,1.465455,2.883355,2.516645,1472.0,0.0
1996-08-01,5.22,6.635455,1.415455,2.812296,2.407704,1557.0,0.0
1996-09-01,5.3,6.832,1.532,3.004572,2.295428,1475.0,0.0
1996-10-01,5.24,6.533636,1.293636,3.061889,2.178111,1392.0,0.0
1996-11-01,5.31,6.203684,0.893684,3.25309,2.05691,1489.0,0.0
1996-12-01,5.29,6.302381,1.012381,3.378817,1.911183,1370.0,0.0
1997-01-01,5.25,6.579048,1.329048,3.038138,2.211862,1355.0,0.0
1997-02-01,5.19,6.419474,1.229474,3.032258,2.157742,1486.0,0.0
1997-03-01,5.39,6.6945,1.3045,2.765273,2.624727,1457.0,0.0
1997-04-01,5.51,6.885455,1.375455,2.434337,3.075663,1492.0,0.0
1997-05-01,5.5,6.710952,1.210952,2.237852,3.262148,1442.0,0.0
1997-06-01,5.56,6.49381,0.93381,2.233567,3.326433,1494.0,0.0
1997-07-01,5.52,6.220455,0.700455,2.165605,3.354395,1437.0,0.0
1997-08-01,5.54,6.298571,0.758571,2.290076,3.249924,1390.0,0.0
1997-09-01,5.54,6.208571,0.668571,2.219404,3.320596,1546.0,0.0
1997-10-01,5.5,6.029545,0.529545,2.085967,3.414033,1520.0,0.0
1997-11-01,5.52,5.875,0.355,1.890359,3.629641,1510.0,0.0
1997-12-01,5.5,5.808636,0.308636,1.697046,3.802954,1566.0,0.0
1998-01-01,5.56,5.5445,-0.0155,1.631117,3.928883,1525.0,0.0
1998-02-01,5.51,5.574737,0.064737,1.4402,4.0698,1584.0,0.0
1998-03-01,5.49,5.647273,0.157273,1.376721,4.113279,1567.0,0.0
1998-04-01,5.45,5.637619,0.187619,1.438399,4.011601,1540.0,0.0
1998-05-01,5.49,5.6525,0.1625,1.688555,3.801445,1536.0,0.0
1998-06-01,5.56,5.496364,-0.063636,1.622971,3.937029,1641.0,0.0
1998-07-01,5.54,5.461364,-0.078636,1.745636,3.794364,1698.0,0.0
1998-08-01,5.55,5.341905,-0.208095,1.616915,3.933085,1614.0,0.0
1998-09-01,5.51,4.806667,-0.703333,1.426799,4.083201,1582.0,0.0
1998-10-01,5.07,4.53,-0.54,1.486068,3.583932,1715.0,0.0
1998-11-01,4.83,4.827368,-0.002632,1.48423,3.34577,1660.0,0.0
1998-12-01,4.68,4.645,-0.035,1.606922,3.073078,1792.0,0.0
1999-01-01,4.63,4.722105,0.092105,1.666667,2.963333,1748.0,0.0
1999-02-01,4.76,4.998947,0.2389469999999999,1.666667,3.093333,1670.0,0.0
1999-03-01,4.81,5.232609,0.422609,1.728395,3.081605,1710.0,0.0
1999-04-01,4.74,5.184545,0.444545,2.281134,2.458866,1553.0,0.0
1999-05-01,4.74,5.5395,0.7995,2.091021,2.648979,1611.0,0.0
1999-06-01,4.76,5.899545,1.139545,1.965602,2.794398,1559.0,0.0
1999-07-01,4.99,5.791905,0.801905,2.144608,2.845392,1669.0,0.0
1999-08-01,5.07,5.939091,0.869091,2.264382,2.805618,1648.0,0.0
1999-09-01,5.22,5.915238,0.695238,2.629969,2.590031,1635.0,0.0
1999-10-01,5.2,6.112,0.912,2.562538,2.637462,1608.0,0.0
1999-11-01,5.42,6.034,0.614,2.620353,2.799647,1648.0,0.0
1999-12-01,5.3,6.275455,0.975455,2.676399,2.623601,1708.0,0.0
2000-01-01,5.45,6.661,1.211,2.792957,2.657043,1636.0,0.0
2000-02-01,5.73,6.5195,0.7895,3.217972,2.512028,1737.0,0.0
2000-03-01,5.85,6.256522,0.4065219999999999,3.762136,2.087864,1604.0,0.0
2000-04-01,6.02,5.990526,-0.029474,3.013864,3.006136,1626.0,0.0
2000-05-01,6.27,6.440455,0.170455,3.13253,3.13747,1575.0,0.0
2000-06-01,6.53,6.097273,-0.432727,3.73494,2.79506,1559.0,0.0
2000-07-01,6.54,6.054,-0.4859999999999999,3.59928,2.94072,1463.0,0.0
2000-08-01,6.5,5.826087,-0.673913,3.351287,3.148713,1541.0,0.0
2000-09-01,6.52,5.799,-0.721,3.456496,3.063504,1507.0,0.0
2000-10-01,6.51,5.738571,-0.771429,3.450327,3.059673,1549.0,0.0
2000-11-01,6.51,5.717143,-0.792857,3.444181,3.065819,1551.0,0.0
2000-12-01,6.4,5.2405,-1.1595,3.436019,2.963981,1532.0,0.0
2001-01-01,5.98,5.160952,-0.819048,3.721205,2.258795,1600.0,0.0
2001-02-01,5.49,5.098947,-0.3910529999999999,3.529412,1.960588,1625.0,0.0
2001-03-01,5.31,4.885455,-0.424545,2.982456,2.327544,1590.0,0.0
2001-04-01,4.8,5.141,0.341,3.218256,1.581744,1649.0,0.0
2001-05-01,4.21,5.391364,1.181364,3.563084,0.646916,1605.0,2.0
2001-06-01,3.97,5.284286,1.314286,3.193961,0.776039,1636.0,2.0
2001-07-01,3.77,5.23619,1.46619,2.721482,1.048518,1670.0,0.0
2001-08-01,3.65,4.971304,1.321304,2.721482,0.928518,1567.0,0.0
2001-09-01,3.07,4.731765,1.661765,2.592166,0.477834,1562.0,2.0
2001-10-01,2.49,4.566818,2.076818,2.12766,0.36234,1540.0,2.0
2001-11-01,2.09,4.6515,2.5615,1.894374,0.1956259999999999,1602.0,2.0
2001-12-01,1.82,5.0875,3.2675,1.603666,0.216334,1568.0,2.0
2002-01-01,1.73,5.035714,3.305714,1.1959,0.5341,1698.0,2.0
2002-02-01,1.74,4.911579,3.171579,1.136364,0.603636,1829.0,2.0
2002-03-01,1.73,5.284,3.554,1.362862,0.367138,1642.0,2.0
2002-04-01,1.75,5.210909,3.460909,1.643991,0.106009,1592.0,2.0
2002-05-01,1.75,5.164545,3.414545,1.240835,0.509165,1764.0,2.0
2002-06-01,1.75,4.9265,3.1765,1.069218,0.680782,1717.0,2.0
2002-07-01,1.73,4.653182,2.923182,1.465614,0.264386,1655.0,2.0
2002-08-01,1.74,4.257273,2.517273,1.747463,-0.007463,1633.0,2.0
2002-09-01,1.75,3.87,2.12,1.516002,0.233998,1804.0,2.0
2002-10-01,1.75,3.940909,2.190909,2.027027,-0.277027,1648.0,2.0
2002-11-01,1.34,4.048421,2.708421,2.253521,-0.913521,1753.0,2.0
2002-12-01,1.24,4.032381,2.792381,2.480271,-1.240271,1788.0,2.0
2003-01-01,1.24,4.048571,2.808571,2.757456,-1.517456,1853.0,2.0
2003-02-01,1.26,3.902632,2.642632,3.146067,-1.886067,1629.0,2.0
2003-03-01,1.25,3.807143,2.557143,3.02521,-1.77521,1726.0,2.0
2003-04-01,1.26,3.958571,2.698571,2.175125,-0.915125,1643.0,2.0
2003-05-01,1.26,3.569048,2.309048,1.89415,-0.63415,1751.0,2.0
2003-06-01,1.22,3.334286,2.114286,1.948775,-0.728775,1867.0,2.0
2003-07-01,1.01,3.975455,2.965455,2.055556,-1.045556,1897.0,2.0
2003-08-01,1.03,4.445238,3.415238,2.216066,-1.186066,1833.0,2.0
2003-09-01,1.01,4.274286,3.264286,2.378319,-1.368319,1939.0,2.0
2003-10-01,1.01,4.290455,3.280455,2.041943,-1.031943,1967.0,2.0
2003-11-01,1.0,4.3,3.3,1.928375,-0.928375,2083.0,2.0
2003-12-01,0.98,4.267727,3.287727,2.035204,-1.055204,2057.0,2.0
2004-01-01,1.0,4.1505,3.1505,2.026287,-1.026287,1911.0,2.0
2004-02-01,1.01,4.084211,3.074211,1.688453,-0.678453,1846.0,2.0
2004-03-01,1.0,3.826522,2.826522,1.740076,-0.740076,1998.0,2.0
2004-04-01,1.0,4.347619,3.347619,2.292576,-1.292576,2003.0,2.0
2004-05-01,1.0,4.7155,3.7155,2.897758,-1.897758,1981.0,2.0
2004-06-01,1.03,4.73381,3.70381,3.167668,-2.137668,1828.0,2.0
2004-07-01,1.26,4.498095,3.238095,2.939575,-1.679575,2002.0,2.0
2004-08-01,1.43,4.281364,2.851364,2.547425,-1.117425,2024.0,2.0
2004-09-01,1.61,4.125714,2.515714,2.539168,-0.929168,1905.0,2.0
2004-10-01,1.76,4.097,2.337,3.190914,-1.430914,2072.0,2.0
2004-11-01,1.93,4.194,2.264,3.621622,-1.691622,1782.0,2.0
2004-12-01,2.16,4.230909,2.070909,3.342318,-1.182318,2042.0,2.0
2005-01-01,2.28,4.2215,1.9415,2.844874,-0.564874,2144.0,2.0
2005-02-01,2.5,4.165263,1.665263,3.053026,-0.553026,2207.0,2.0
2005-03-01,2.63,4.497727,1.867727,3.206841,-0.576841,1864.0,2.0
2005-04-01,2.79,4.340952,1.550952,3.361793,-0.571793,2061.0,2.0
2005-05-01,3.0,4.144286,1.144286,2.869288,0.1307119999999999,2025.0,2.0
2005-06-01,3.04,3.998182,0.958182,2.541027,0.498973,2068.0,0.0
2005-07-01,3.26,4.1775,0.9175,3.06716,0.19284,2054.0,2.0
2005-08-01,3.5,4.262609,0.762609,3.646934,-0.146934,2095.0,2.0
2005-09-01,3.62,4.199048,0.579048,4.741834,-1.121834,2151.0,2.0
2005-10-01,3.78,4.4635,0.6835,4.350105,-0.570105,2065.0,2.0
2005-11-01,4.0,4.535,0.535,3.33855,0.66145,2147.0,0.0
2005-12-01,4.16,4.467143,0.307143,3.33855,0.82145,1994.0,0.0
2006-01-01,4.29,4.416,0.126,4.018789,0.2712109999999999,2273.0,0.0
2006-02-01,4.49,4.568947,0.078947,3.638254,0.851746,2119.0,0.0
2006-03-01,4.59,4.723913,0.133913,3.417918,1.172082,1969.0,0.0
2006-04-01,4.79,4.990526,0.200526,3.613836,1.176164,1821.0,0.0
2006-05-01,4.94,5.11,0.17,3.977273,0.962727,1942.0,0.0
2006-06-01,4.99,5.106364,0.116364,4.181724,0.808276,1802.0,0.0
2006-07-01,5.24,5.0875,-0.1525,4.104669,1.135331,1737.0,0.0
2006-08-01,5.25,4.876522,-0.373478,3.926568,1.323432,1650.0,0.0
2006-09-01,5.25,4.719,-0.531,2.012072,3.237928,1720.0,0.0
2006-10-01,5.25,4.729048,-0.520952,1.406328,3.843672,1491.0,0.0
2006-11-01,5.25,4.595238,-0.654762,1.968703,3.281297,1570.0,0.0
2006-12-01,5.24,4.5645,-0.6755,2.523978,2.716022,1649.0,0.0
2007-01-01,5.25,4.759524,-0.490476,2.075765,3.174235,1409.0,0.0
2007-02-01,5.26,4.722632,-0.537368,2.420261,2.839739,1480.0,0.0
2007-03-01,5.26,4.564545,-0.695455,2.798197,2.461803,1495.0,0.0
2007-04-01,5.25,4.69381,-0.55619,2.592925,2.657075,1490.0,0.0
2007-05-01,5.25,4.746364,-0.503636,2.709886,2.540114,1415.0,0.0
2007-06-01,5.25,5.102857,-0.147143,2.692765,2.557235,1448.0,0.0
2007-07-01,5.26,5.004286,-0.255714,2.317891,2.942109,1354.0,0.0
2007-08-01,5.02,4.674783,-0.345217,1.897448,3.122552,1330.0,0.0
2007-09-01,4.94,4.521579,-0.4184209999999999,2.833826,2.106174,1183.0,0.0
2007-10-01,4.76,4.527727,-0.232273,3.610698,1.149302,1264.0,0.0
2007-11-01,4.49,4.1485,-0.3415,4.373267,0.116733,1197.0,0.0
2007-12-01,4.24,4.0975,-0.1424999999999999,4.108813,0.131187,1037.0,0.0
2008-01-01,3.94,3.744286,-0.195714,4.294696,-0.354696,1084.0,0.0
2008-02-01,2.98,3.7375,0.7575,4.142959,-1.162959,1103.0,2.0
2008-03-01,2.61,3.51,0.9,3.974904,-1.364904,1005.0,2.0
2008-04-01,2.28,3.675,1.395,3.903761,-1.623761,1013.0,2.0
2008-05-01,1.98,3.88,1.9,4.088414,-2.108414,973.0,2.0
2008-06-01,2.0,4.099524,2.099524,4.935966,-2.935966,1046.0,2.0
2008-07-01,2.01,4.007727,1.997727,5.497512,-3.487512,923.0,2.0
2008-08-01,2.0,3.885714,1.885714,5.308017,-3.308017,844.0,2.0
2008-09-01,1.81,3.68619,1.87619,4.95332,-3.14332,820.0,2.0
2008-10-01,0.97,3.814091,2.844091,3.731058,-2.761058,777.0,2.0
2008-11-01,0.39,3.526667,3.136667,1.099917,-0.709917,652.0,2.0
2008-12-01,0.16,2.416364,2.256364,-0.022228,0.182228,560.0,2.0
2009-01-01,0.15,2.5175,2.3675,-0.113586,0.263586,490.0,2.0
2009-02-01,0.22,2.87,2.65,0.008463,0.211537,582.0,2.0
2009-03-01,0.18,2.819545,2.639545,-0.446479,0.626479,505.0,2.0
2009-04-01,0.15,2.927143,2.777143,-0.576324,0.726324,478.0,2.0
2009-05-01,0.18,3.293,3.113,-1.015761,1.195761,540.0,2.0
2009-06-01,0.21,3.721818,3.511818,-1.229175,1.439175,585.0,2.0
2009-07-01,0.16,3.562273,3.402273,-1.958761,2.118761,594.0,2.0
2009-08-01,0.16,3.587143,3.427143,-1.483836,1.643836,586.0,2.0
2009-09-01,0.15,3.401905,3.251905,-1.377943,1.527943,585.0,2.0
2009-10-01,0.12,3.387619,3.267619,-0.223968,0.343968,534.0,2.0
2009-11-01,0.12,3.402632,3.282632,1.914587,-1.794587,588.0,2.0
2009-12-01,0.12,3.59,3.47,2.814123,-2.694123,581.0,2.0
2010-01-01,0.11,3.733158,3.623158,2.621111,-2.511111,614.0,2.0
2010-02-01,0.13,3.691053,3.561053,2.151336,-2.021336,604.0,2.0
2010-03-01,0.16,3.727391,3.567391,2.286171,-2.126171,636.0,2.0
2010-04-01,0.2,3.846818,3.646818,2.206771,-2.006771,687.0,2.0
2010-05-01,0.2,3.42,3.22,2.003549,-1.803549,583.0,2.0
2010-06-01,0.18,3.204091,3.024091,1.121561,-0.941561,536.0,2.0
2010-07-01,0.18,3.011429,2.831429,1.340778,-1.160778,546.0,2.0
2010-08-01,0.19,2.698636,2.508636,1.150178,-0.960178,599.0,2.0
2010-09-01,0.19,2.647619,2.457619,1.118312,-0.928312,594.0,2.0
2010-10-01,0.19,2.54,2.35,1.166695,-0.976695,543.0,2.0
2010-11-01,0.19,2.763,2.573,1.084545,-0.894545,545.0,2.0
2010-12-01,0.18,3.290909,3.110909,1.437793,-1.257793,539.0,2.0
2011-01-01,0.17,3.394,3.224,1.700783,-1.530783,630.0,2.0
2011-02-01,0.16,3.576316,3.416316,2.124898,-1.964898,517.0,2.0
2011-03-01,0.14,3.414348,3.274348,2.619242,-2.479242,600.0,2.0
2011-04-01,0.1,3.455,3.355,3.077234,-2.977234,554.0,2.0
2011-05-01,0.09,3.168571,3.078571,3.458972,-3.368972,561.0,2.0
2011-06-01,0.09,3.002273,2.912273,3.502318,-3.412318,608.0,2.0
2011-07-01,0.07,3.003,2.933,3.579881,-3.509881,623.0,2.0
2011-08-01,0.1,2.303043,2.203043,3.754996,-3.654996,585.0,2.0
2011-09-01,0.08,1.975238,1.895238,3.812622,-3.732622,650.0,2.0
2011-10-01,0.07,2.152,2.082,3.522268,-3.452268,610.0,2.0
2011-11-01,0.08,2.0135,1.9335,3.451432,-3.371432,711.0,2.0
2011-12-01,0.07,1.978095,1.908095,3.062067,-2.992067,694.0,2.0
2012-01-01,0.08,1.9665,1.8865,3.008766,-2.928766,723.0,2.0
2012-02-01,0.1,1.9675,1.8675,2.898178,-2.798178,704.0,2.0
2012-03-01,0.13,2.172727,2.042727,2.582875,-2.452875,695.0,2.0
2012-04-01,0.14,2.052857,1.912857,2.273163,-2.133163,753.0,2.0
2012-05-01,0.16,1.803182,1.643182,1.737943,-1.577943,708.0,2.0
2012-06-01,0.16,1.622381,1.462381,1.65387,-1.49387,757.0,2.0
2012-07-01,0.16,1.526667,1.366667,1.417511,-1.257511,740.0,2.0
2012-08-01,0.13,1.678261,1.548261,1.685935,-1.555935,754.0,2.0
2012-09-01,0.14,1.723158,1.583158,1.949717,-1.809717,847.0,2.0
2012-10-01,0.16,1.74619,1.58619,2.155678,-1.995678,915.0,2.0
2012-11-01,0.16,1.654,1.494,1.79602,-1.63602,833.0,2.0
2012-12-01,0.16,1.719,1.559,1.759505,-1.599505,976.0,2.0
2013-01-01,0.14,1.914762,1.774762,1.684062,-1.544062,888.0,2.0
2013-02-01,0.15,1.984211,1.834211,2.01814,-1.86814,962.0,2.0
2013-03-01,0.14,1.9575,1.8175,1.518747,-1.378747,1010.0,2.0
2013-04-01,0.15,1.759091,1.609091,1.138808,-0.988808,835.0,2.0
2013-05-01,0.11,1.928182,1.818182,1.390389,-1.280389,930.0,2.0
2013-06-01,0.09,2.3,2.21,1.715794,-1.625794,839.0,2.0
2013-07-01,0.09,2.582273,2.492273,1.885472,-1.795472,880.0,2.0
2013-08-01,0.08,2.737273,2.657273,1.538809,-1.458809,917.0,2.0
2013-09-01,0.08,2.8095,2.7295,1.094734,-1.014734,850.0,2.0
2013-10-01,0.09,2.615909,2.525909,0.876799,-0.786799,925.0,2.0
2013-11-01,0.08,2.718421,2.638421,1.23287,-1.15287,1100.0,2.0
2013-12-01,0.09,2.901905,2.811905,1.512838,-1.422838,1002.0,2.0
2014-01-01,0.07,2.858095,2.788095,1.557759,-1.487759,888.0,2.0
2014-02-01,0.07,2.709474,2.639474,1.120475,-1.050475,944.0,2.0
2014-03-01,0.08,2.723333,2.643333,1.612695,-1.532695,970.0,2.0
2014-04-01,0.09,2.705238,2.615238,2.015125,-1.925125,1043.0,2.0
2014-05-01,0.09,2.559048,2.469048,2.166948,-2.076948,1007.0,2.0
2014-06-01,0.1,2.598571,2.498571,2.058982,-1.958982,911.0,2.0
2014-07-01,0.09,2.542273,2.452273,1.974238,-1.884238,1085.0,2.0
2014-08-01,0.09,2.42,2.33,1.715098,-1.625098,984.0,2.0
2014-09-01,0.09,2.534286,2.444286,1.684051,-1.594051,1023.0,2.0
2014-10-01,0.09,2.304091,2.214091,1.609542,-1.519542,1074.0,2.0
2014-11-01,0.09,2.325556,2.235556,1.231525,-1.141525,1001.0,2.0
2014-12-01,0.12,2.207273,2.087273,0.653121,-0.533121,1073.0,2.0
2015-01-01,0.11,1.8815,1.7715,-0.229931,0.3399309999999999,1085.0,2.0
2015-02-01,0.11,1.975263,1.865263,-0.087031,0.197031,886.0,2.0
2015-03-01,0.11,2.042727,1.932727,-0.0220309999999999,0.132031,960.0,2.0
2015-04-01,0.12,1.935,1.815,-0.104031,0.224031,1190.0,2.0
2015-05-01,0.12,2.1975,2.0775,0.035033,0.084967,1079.0,2.0
2015-06-01,0.13,2.363636,2.233636,0.179572,-0.049572,1205.0,2.0
2015-07-01,0.13,2.324545,2.194545,0.225686,-0.0956859999999999,1146.0,2.0
2015-08-01,0.14,2.167143,2.027143,0.241304,-0.101304,1130.0,2.0
2015-09-01,0.14,2.172857,2.032857,0.008843,0.131157,1224.0,2.0
2015-10-01,0.12,2.07,1.95,0.127617,-0.007617,1058.0,2.0
2015-11-01,0.12,2.263158,2.143158,0.436318,-0.316318,1172.0,2.0
2015-12-01,0.24,2.242727,2.002727,0.638725,-0.398725,1146.0,2.0
2016-01-01,0.34,2.085263,1.745263,1.237503,-0.897503,1092.0,2.0
2016-02-01,0.38,1.7795,1.3995,0.847278,-0.467278,1225.0,2.0
2016-03-01,0.36,1.889091,1.529091,0.891616,-0.531616,1111.0,2.0
2016-04-01,0.37,1.805238,1.435238,1.172626,-0.802626,1163.0,2.0
2016-05-01,0.37,1.80619,1.43619,1.078476,-0.708476,1148.0,2.0
2016-06-01,0.38,1.644091,1.264091,1.079287,-0.699287,1203.0,2.0
2016-07-01,0.39,1.504,1.114,0.868363,-0.478363,1239.0,2.0
2016-08-01,0.4,1.556522,1.156522,1.055316,-0.655316,1171.0,2.0
2016-09-01,0.4,1.630476,1.230476,1.548645,-1.148645,1068.0,2.0
2016-10-01,0.4,1.7645,1.3645,1.685925,-1.285925,1313.0,2.0
2016-11-01,0.41,2.142,1.732,1.684333,-1.274333,1140.0,2.0
2016-12-01,0.54,2.491905,1.951905,2.050799,-1.510799,1252.0,2.0
2017-01-01,0.65,2.4325,1.7825,2.510393,-1.860393,1190.0,2.0
2017-02-01,0.66,2.418947,1.758947,2.810362,-2.150362,1271.0,2.0
2017-03-01,0.79,2.481739,1.691739,2.441196,-1.651196,1190.0,2.0
2017-04-01,0.9,2.297368,1.397368,2.176223,-1.276223,1146.0,2.0
2017-05-01,0.91,2.303636,1.393636,1.856343,-0.946343,1157.0,2.0
2017-06-01,1.04,2.186818,1.146818,1.640566,-0.600566,1249.0,2.0
2017-07-01,1.15,2.318,1.168,1.725107,-0.575107,1206.0,2.0
2017-08-01,1.16,2.20913,1.04913,1.928122,-0.768122,1159.0,2.0
2017-09-01,1.15,2.202,1.052,2.180565,-1.030565,1181.0,2.0
2017-10-01,1.15,2.36,1.21,2.020758,-0.870758,1257.0,2.0
2017-11-01,1.16,2.353333,1.193333,2.172494,-1.012494,1273.0,2.0
2017-12-01,1.3,2.4025,1.1025,2.129931,-0.829931,1177.0,2.0
2018-01-01,1.41,2.58381,1.17381,2.151319,-0.741319,1299.0,2.0
2018-02-01,1.42,2.858947,1.438947,2.263469,-0.843469,1277.0,2.0
2018-03-01,1.51,2.842381,1.332381,2.33095,-0.82095,1318.0,2.0
2018-04-01,1.69,2.869048,1.179048,2.470996,-0.780996,1276.0,2.0
2018-05-01,1.7,2.977727,1.277727,2.781922,-1.081922,1357.0,2.0
2018-06-01,1.82,2.912381,1.092381,2.807551,-0.987551,1192.0,2.0
2018-07-01,1.91,2.889048,0.979048,2.854125,-0.944125,1208.0,2.0
2018-08-01,1.91,2.88913,0.97913,2.642924,-0.732924,1288.0,2.0
2018-09-01,1.95,3.004211,1.054211,2.332055,-0.3820549999999999,1250.0,2.0
2018-10-01,2.19,3.152273,0.962273,2.492032,-0.302032,1221.0,2.0
2018-11-01,2.2,3.117,0.917,2.147329,0.052671,1181.0,2.0
2018-12-01,2.27,2.832632,0.562632,2.002381,0.267619,1095.0,0.0
2019-01-01,2.4,2.71381,0.31381,1.487589,0.912411,1226.0,0.0
2019-02-01,2.4,2.676316,0.276316,1.518862,0.881138,1121.0,0.0
2019-03-01,2.41,2.570952,0.160952,1.883186,0.526814,1191.0,0.0
2019-04-01,2.42,2.532381,0.1123809999999999,2.000583,0.4194169999999999,1272.0,0.0
2019-05-01,2.39,2.395,0.005,1.795911,0.594089,1293.0,0.0
2019-06-01,2.38,2.074,-0.3059999999999999,1.671195,0.708805,1243.0,0.0
2019-07-01,2.4,2.059091,-0.340909,1.826331,0.573669,1240.0,0.0
2019-08-01,2.13,1.626364,-0.503636,1.737641,0.392359,1375.0,0.0
2019-09-01,2.04,1.6995,-0.3405,1.684498,0.355502,1311.0,0.0
2019-10-01,1.83,1.706818,-0.123182,1.733974,0.096026,1325.0,0.0
2019-11-01,1.55,1.812105,0.262105,2.09229,-0.54229,1353.0,2.0
2019-12-01,1.55,1.862857,0.312857,2.319527,-0.769527,1548.0,2.0
2020-01-01,1.55,1.757619,0.207619,2.599768,-1.049768,1581.0,2.0
2020-02-01,1.58,1.504211,-0.075789,2.341317,-0.761317,1549.0,2.0
2020-03-01,0.65,0.87,0.22,1.49404,-0.84404,1266.0,2.0
2020-04-01,0.05,0.657619,0.607619,0.313047,-0.263047,936.0,2.0
2020-05-01,0.05,0.674,0.624,0.198201,-0.148201,1039.0,2.0
2020-06-01,0.08,0.728636,0.648636,0.716656,-0.636656,1266.0,2.0
2020-07-01,0.09,0.623636,0.533636,0.996865,-0.906865,1526.0,2.0
2020-08-01,0.1,0.65,0.55,1.28107,-1.18107,1396.0,2.0
2020-09-01,0.09,0.679524,0.589524,1.391023,-1.301023,1473.0,2.0
2020-10-01,0.09,0.787143,0.697143,1.230386,-1.140386,1543.0,2.0
2020-11-01,0.09,0.87,0.78,1.175745,-1.085745,1543.0,2.0
2020-12-01,0.09,0.933636,0.843636,1.320419,-1.230419,1614.0,2.0
2021-01-01,0.09,1.081053,0.991053,1.35532,-1.26532,1630.0,2.0
2021-02-01,0.08,1.257895,1.177895,1.667502,-1.587502,1404.0,2.0
2021-03-01,0.07,1.61087,1.54087,2.623646,-2.553646,1696.0,2.0
2021-04-01,0.07,1.635,1.565,4.137373,-4.067373,1495.0,2.0
2021-05-01,0.06,1.621,1.561,4.926467,-4.866467,1589.0,2.0
2021-06-01,0.08,1.519091,1.439091,5.317419,-5.237419,1650.0,2.0
2021-07-01,0.1,1.318571,1.218571,5.269168,-5.169168,1597.0,2.0
2021-08-01,0.09,1.283182,1.193182,5.181323,-5.091323,1594.0,2.0
2021-09-01,0.08,1.374762,1.294762,5.363523,-5.283523,1577.0,2.0
2021-10-01,0.08,1.5825,1.5025,6.226591,-6.146591,1579.0,2.0
2021-11-01,0.08,1.5595,1.4795,6.86556,-6.78556,1705.0,2.0
2021-12-01,0.08,1.465,1.385,7.159457,-7.079457,1722.0,2.0
2022-01-01,0.08,1.764,1.684,7.578082,-7.498082,1702.0,2.0
2022-02-01,0.08,1.934211,1.854211,7.949221,-7.869221,1735.0,2.0
2022-03-01,0.2,2.127826,1.927826,8.54078,-8.34078,1712.0,2.0
2022-04-01,0.33,2.7475,2.4175,8.235162,-7.905162,1820.0,2.0
2022-05-01,0.77,2.898095,2.128095,8.530052,-7.760052,1531.0,2.0
2022-06-01,1.21,3.143333,1.933333,8.999298,-7.789298,1551.0,2.0
2022-07-01,1.68,2.896,1.216,8.447778,-6.767778,1381.0,2.0
2022-08-01,2.33,2.897826,0.567826,8.216255,-5.886255,1531.0,2.0
2022-09-01,2.56,3.519048,0.959048,8.205752,-5.645752,1488.0,2.0
2022-10-01,3.08,3.9835,0.9035,7.757261,-4.677261,1435.0,2.0
2022-11-01,3.78,3.891,0.111,7.13138,-3.35138,1424.0,2.0
2022-12-01,4.1,3.61619,-0.48381,6.410832,-2.310832,1308.0,2.0
2023-01-01,4.33,3.5315,-0.7985,6.340296,-2.010296,1361.0,2.0
2023-02-01,4.57,3.746842,-0.823158,5.957649,-1.387649,1399.0,0.0
2023-03-01,4.65,3.663043,-0.986957,4.931349,-0.281349,1377.0,0.0
2023-04-01,4.83,3.46,-1.37,4.946947,-0.116947,1354.0,0.0
2023-05-01,5.06,3.573636,-1.486364,4.125315,0.934685,1584.0,0.0
2023-06-01,5.08,3.748095,-1.331905,3.059253,2.020747,1421.0,0.0
2023-07-01,5.12,3.8995,-1.2205,3.280328,1.839672,1460.0,0.0
2023-08-01,5.33,4.167826,-1.162174,3.718636,1.611364,1317.0,0.0
2023-09-01,5.33,4.379,-0.951,3.695082,1.634918,1371.0,0.0
2023-10-01,5.33,4.798095,-0.531905,3.246538,2.083462,1368.0,0.0
2023-11-01,5.33,4.502857,-0.827143,3.139856,2.190144,1514.0,0.0
2023-12-01,5.33,4.02,-1.31,3.3222,2.0078,1521.0,0.0
2024-01-01,5.33,4.058095,-1.271905,3.107943,2.222057,1381.0,0.0
2024-02-01,5.33,4.2075,-1.1225,3.166421,2.163579,1552.0,0.0
2024-03-01,5.33,4.2085,-1.1215,3.469001,1.860999,1312.0,0.0
2024-04-01,5.33,4.539091,-0.790909,3.354047,1.975953,1385.0,0.0
2024-05-01,5.33,4.482273,-0.847727,3.238866,2.091134,1316.0,0.0
2024-06-01,5.33,4.305263,-1.024737,2.970085,2.359915,1327.0,0.0
2024-07-01,5.33,4.248636,-1.081364,2.938463,2.391537,1265.0,0.0
2024-08-01,5.33,3.870909,-1.459091,2.610914,2.719086,1391.0,0.0
2024-09-01,5.13,3.7235,-1.4065,2.432541,2.697459,1357.0,0.0
2024-10-01,4.83,4.095455,-0.734545,2.571403,2.258597,1352.0,0.0
2024-11-01,4.64,4.355789,-0.284211,2.714168,1.925832,1295.0,0.0
2024-12-01,4.48,4.391429,-0.088571,2.872366,1.607634,1514.0,0.0
2025-01-01,4.33,4.629048,0.2990479999999999,2.999413,1.330587,1358.0,0.0
2025-02-01,4.33,4.451053,0.1210529999999999,2.81427,1.51573,1490.0,0.0
2025-03-01,4.33,4.280476,-0.0495239999999999,2.405585,1.924415,1355.0,0.0
2025-04-01,4.33,4.279048,-0.0509519999999999,2.333747,1.996253,1398.0,0.0
2025-05-01,4.33,4.42381,0.09381,2.375934,1.954066,1282.0,0.0
2025-06-01,4.33,4.3835,0.0535,2.672683,1.657317,1382.0,0.0
2025-07-01,4.33,4.391818,0.061818,2.731801,1.598199,1420.0,0.0
2025-08-01,4.33,4.264762,-0.065238,2.93922,1.39078,1291.0,0.0
2025-09-01,4.22,4.120476,-0.099524,3.0227,1.1973,1306.0,0.0
2025-10-01,4.09,4.061818,-0.0281819999999999,,,1246.0,
2025-11-01,3.88,4.093889,0.213889,2.711969,1.168031,,0.0
2025-12-01,3.72,4.143182,0.423182,2.653312,1.066688,,0.0
