real_policy_rate,inflation_yoy,yield_spread,regime,date
1.479759,0.670241,1.933182,2,2062-01-01
1.465174,0.904826,1.669444,0,2062-02-01
1.744102,1.105898,1.080455,0,2062-03-01
1.438168,1.341832,1.063,0,2062-04-01
1.019517,1.340483,1.513636,2,2062-05-01
1.440054,1.239946,1.229048,0,2062-06-01
1.707326,1.002674,1.304286,0,2062-07-01
1.794395,1.135605,1.045652,0,2062-08-01
1.432355,1.467645,1.078947,0,2062-09-01
1.565777,1.334223,1.025455,0,2062-10-01
1.605777,1.334223,0.975789,0,2062-11-01
1.697078,1.232922,0.9345,0,2062-12-01
1.588442,1.331558,0.913636,0,2063-01-01
1.771172,1.228828,0.921111,0,2063-02-01
1.853053,1.126947,0.948571,0,2063-03-01
2.006256,0.893744,1.070952,0,2063-04-01
2.107143,0.892857,0.93,0,2063-05-01
1.665935,1.324065,1.003,0,2063-06-01
1.464739,1.555261,1.000455,0,2063-07-01
1.93782,1.55218,0.512273,0,2063-08-01
2.493807,0.986193,0.5975,0,2063-09-01
2.282093,1.217907,0.606087,0,2063-10-01
2.163344,1.316656,0.641765,0,2063-11-01
1.73418,1.64582,0.748571,0,2063-12-01
1.837424,1.642576,0.686818,0,2064-01-01
2.069239,1.410761,0.665556,0,2064-02-01
2.020626,1.409374,0.789524,0,2064-03-01
1.928005,1.541995,0.762273,0,2064-04-01
1.959521,1.540479,0.7,0,2064-05-01
2.193238,1.306762,0.67,0,2064-06-01
2.344731,1.075269,0.765909,0,2064-07-01
2.52439,0.97561,0.69381,0,2064-08-01
2.278125,1.171875,0.75381,0,2064-09-01
2.156748,1.203252,0.828095,0,2064-10-01
2.122989,1.397011,0.632778,0,2064-11-01
2.651813,1.198187,0.329545,0,2064-12-01
2.801099,1.098901,0.2894999999999999,0,2065-01-01
2.782976,1.197024,0.231111,0,2065-02-01
2.854137,1.195863,0.160435,0,2065-03-01
2.700662,1.389338,0.1138099999999999,0,2065-04-01
2.486056,1.613944,0.1115,0,2065-05-01
2.11514,1.93486,0.1631819999999999,0,2065-06-01
2.284713,1.805287,0.114762,0,2065-07-01
2.509694,1.610306,0.132273,0,2065-08-01
2.282548,1.737452,0.2704759999999999,0,2065-09-01
2.376915,1.703085,0.2695,0,2065-10-01
2.369785,1.730215,0.348947,0,2065-11-01
2.4,1.92,0.295455,0,2065-12-01
2.501841,1.918159,0.192381,0,2066-01-01
2.042455,2.557545,0.232105,0,2066-02-01
1.881335,2.778665,0.213478,0,2066-03-01
1.801931,2.868069,0.08,0,2066-04-01
2.136341,2.763659,-0.121429,0,2066-05-01
2.734062,2.435938,-0.355455,0,2066-06-01
2.545092,2.754908,-0.2819999999999999,0,2066-07-01
2.043471,3.486529,-0.305652,0,2066-08-01
1.826312,3.573688,-0.217619,0,2066-09-01
1.738531,3.791469,-0.5185,0,2066-10-01
2.200945,3.559055,-0.604737,0,2066-11-01
2.040502,3.359498,-0.557143,0,2066-12-01
1.740502,3.199498,-0.360952,0,2067-01-01
2.13217,2.86783,-0.373333,0,2067-02-01
1.981833,2.548167,0.011818,0,2067-03-01
1.509727,2.540273,0.5435,0,2067-04-01
1.621607,2.318393,0.907727,0,2067-05-01
1.13874,2.84126,1.042727,0,2067-06-01
0.862419,2.927581,1.369,2,2067-07-01
1.296631,2.603369,1.375652,0,2067-08-01
1.39458,2.59542,1.312,0,2067-09-01
1.292481,2.587519,1.600952,0,2067-10-01
1.02781,3.10219,1.6235,2,2067-11-01
1.22932,3.28068,1.189,0,2067-12-01
0.962584,3.647416,0.918636,0,2068-01-01
1.073636,3.636364,0.853684,0,2068-02-01
1.110606,3.939394,0.69,0,2068-03-01
1.832508,3.927492,-0.1215,0,2068-04-01
1.890393,4.229607,-0.2504549999999999,0,2068-05-01
1.865796,4.204204,-0.352,0,2068-06-01
1.538982,4.491018,-0.534545,0,2068-07-01
1.552388,4.477612,-0.609545,0,2068-08-01
1.315714,4.464286,-0.32,0,2068-09-01
1.162226,4.747774,-0.327391,0,2068-10-01
1.395221,4.424779,-0.123889,0,2068-11-01
1.314118,4.705882,0.011905,0,2068-12-01
1.607918,4.692082,-0.258182,0,2069-01-01
1.931637,4.678363,-0.421053,0,2069-02-01
1.542187,5.247813,-0.494,0,2069-03-01
1.886744,5.523256,-1.236667,0,2069-04-01
3.162754,5.507246,-2.346667,0,2069-05-01
3.424496,5.475504,-2.325714,0,2069-06-01
3.165874,5.444126,-1.890476,0,2069-07-01
3.761429,5.428571,-2.498571,0,2069-08-01
3.451994,5.698006,-1.990476,0,2069-09-01
3.334278,5.665722,-1.904545,0,2069-10-01
2.917797,5.932203,-1.705882,0,2069-11-01
3.071124,5.898876,-1.315909,0,2069-12-01
2.817535,6.162465,-1.185238,0,2070-01-01
2.555419,6.424581,-1.741667,1,2070-02-01
1.665817,6.094183,-0.687143,0,2070-03-01
2.039394,6.060606,-0.709091,0,2070-04-01
1.906044,6.043956,-0.04381,0,2070-05-01
1.599071,6.010929,0.231818,0,2070-06-01
1.503478,5.706522,0.247273,0,2070-07-01
0.928943,5.691057,0.907143,0,2070-08-01
0.629623,5.660377,1.099524,0,2070-09-01
0.569973,5.630027,1.126667,2,2070-10-01
-0.0,5.6,1.241111,2,2070-11-01
-0.670292,5.570292,1.491364,2,2070-12-01
-1.137045,5.277045,2.0985,2,2071-01-01
-1.004409,4.724409,2.392222,2,2071-02-01
-0.728642,4.438642,1.993478,2,2071-03-01
0.004156,4.155844,1.67381,2,2071-04-01
0.225855,4.404145,1.7625,2,2071-05-01
0.528557,4.381443,1.612273,2,2071-06-01
0.93982,4.37018,1.419524,0,2071-07-01
1.211026,4.358974,1.012727,0,2071-08-01
1.468367,4.081633,0.589524,0,2071-09-01
1.392893,3.807107,0.725789,0,2071-10-01
1.374646,3.535354,0.9,0,2071-11-01
0.873668,3.266332,1.786364,2,2071-12-01
0.251855,3.258145,2.437619,2,2072-01-01
-0.459398,3.759398,2.781,2,2072-02-01
0.33,3.5,2.238636,2,2072-03-01
0.678728,3.491272,2.0245,2,2072-04-01
1.044194,3.225806,1.856364,2,2072-05-01
1.497037,2.962963,1.646818,0,2072-06-01
1.594335,2.955665,1.563,0,2072-07-01
1.861597,2.948403,1.400435,0,2072-08-01
1.683725,3.186275,1.6795,0,2072-09-01
1.871516,3.178484,1.4295,0,2072-10-01
1.645366,3.414634,1.2205,0,2072-11-01
1.923674,3.406326,1.0285,0,2072-12-01
2.299223,3.640777,0.524545,0,2073-01-01
2.715266,3.864734,0.055556,0,2073-02-01
2.259082,4.830918,-0.380909,0,2073-03-01
1.818795,5.301205,-0.4515,0,2073-04-01
2.311154,5.528846,-0.992727,0,2073-05-01
2.494796,5.995204,-1.59,0,2073-06-01
4.658373,5.741627,-3.269048,1,2073-07-01
3.101432,7.398568,-3.095217,1,2073-08-01
3.41658,7.363419999999999,-3.689474,1,2073-09-01
1.953128,8.056872,-3.215714,1,2073-10-01
1.775283,8.254717,-3.3015,1,2073-11-01
1.008824,8.941176,-3.206316,1,2073-12-01
0.048126,9.601874,-2.661364,1,2074-01-01
-1.03,10.0,-2.012778,1,2074-02-01
-0.788249,10.138249,-2.140952,1,2074-03-01
0.44135,10.06865,-2.997619,1,2074-04-01
0.60385,10.70615,-3.734091,1,2074-05-01
1.070271,10.859729,-4.3945,1,2074-06-01
1.381538,11.538462,-5.115,1,2074-07-01
1.121111,10.888889,-3.965909,1,2074-08-01
-0.606903,11.946903,-3.3025,1,2074-09-01
-1.782105,11.842105,-2.163182,1,2074-10-01
-2.750436,12.200436,-1.768889,1,2074-11-01
-3.565032,12.095032,-1.09619,1,2074-12-01
-4.622137,11.752137,0.371364,1,2075-01-01
-4.965074,11.205074,1.152222,1,2075-02-01
-4.920251,10.460251,2.188,2,2075-03-01
-4.69711,10.18711,2.736818,2,2075-04-01
-4.039259,9.259259,2.839524,2,2075-05-01
-3.633673,9.183673,2.310952,2,2075-06-01
-3.433469,9.533469,1.961364,2,2075-07-01
-2.477234,8.617234,2.257619,2,2075-08-01
-1.665138,7.905138,2.186667,2,2075-09-01
-1.827059,7.647059,2.317727,2,2075-10-01
-2.158641,7.378641,2.832941,2,2075-11-01
-1.929094,7.129094,2.796818,2,2075-12-01
-1.822161,6.692161,2.872381,2,1976-01-01
-1.503764,6.273764,3.022778,2,1976-02-01
-1.220606,6.060606,2.894348,2,1976-03-01
-1.029057,5.849057,2.744286,2,1976-04-01
-0.924689,6.214689,2.605,2,1976-05-01
-0.501308,5.981308,2.381364,2,1976-06-01
-0.245556,5.555556,2.521905,2,1976-07-01
-0.429557,5.719557,2.478636,2,1976-08-01
-0.244505,5.494505,2.344286,2,1976-09-01
-0.444481,5.464481,2.391,2,1976-10-01
-0.113291,5.063291,2.341053,2,1976-11-01
-0.385971,5.035971,2.219091,2,1976-12-01
-0.587133,5.197133,2.603333,2,1977-01-01
-1.40229,6.08229,2.711053,2,1977-02-01
-1.738571,6.428571,2.77,2,1977-03-01
-2.221872,6.951872,2.6405,2,1977-04-01
-1.387589,6.737589,2.106667,2,1977-05-01
-1.31194,6.70194,1.885455,2,1977-06-01
-1.246667,6.666667,1.91,2,1977-07-01
-0.731763,6.631763,1.496522,2,1977-08-01
-0.283611,6.423611,1.20381,2,1977-09-01
0.079672,6.390328,1.0535,2,1977-10-01
-0.202565,6.712565,1.067368,2,1977-11-01
-0.118082,6.678082,1.125238,2,1977-12-01
-0.11431,6.81431,1.25619,2,1978-01-01
0.54054,6.23946,1.253333,2,1978-02-01
0.414161,6.375839,1.245909,2,1978-03-01
0.39,6.5,1.264,2,1978-04-01
0.217143,7.142857,0.985714,2,1978-05-01
0.1619829999999999,7.438017,0.862273,2,1978-06-01
0.079737,7.730263,0.83,2,1978-07-01
0.184026,7.855974,0.37087,0,1978-08-01
-0.0328709999999999,8.482871,-0.0335,1,1978-09-01
0.031429,8.928571,-0.317619,1,1978-10-01
0.889032,8.870968,-0.955,1,1978-11-01
1.041236,8.988764,-1.0235,1,1978-12-01
0.819601,9.250399,-0.970455,1,1979-01-01
0.21873,9.84127,-0.961667,1,1979-02-01
-0.162366,10.252366,-0.972727,1,1979-03-01
-0.475133,10.485133,-0.828,1,1979-04-01
-0.457674,10.697674,-0.987619,1,1979-05-01
-0.786923,11.076923,-1.37619,1,1979-06-01
-0.980382,11.450382,-1.52,1,1979-07-01
-0.896115,11.836115,-1.910435,1,1979-08-01
-0.449699,11.879699,-2.095263,1,1979-09-01
1.698465,12.071535,-3.470909,1,1979-10-01
0.587407,12.592593,-2.526842,1,1979-11-01
0.525214,13.254786,-3.394,1,1979-12-01
-0.048613,13.868613,-3.017727,1,1980-01-01
-0.03185,14.16185,-1.715263,1,1980-02-01
2.597725,14.592275,-4.440952,1,1980-03-01
3.020765,14.589235,-6.136667,1,1980-04-01
-3.44577,14.42577,-0.798571,1,1980-05-01
-4.795928,14.265928,0.308095,1,1980-06-01
-4.120685,13.150685,1.217727,1,1980-07-01
-3.280095,12.890095,1.491905,1,1980-08-01
-1.898817,12.768817,0.638571,1,1980-09-01
0.177021,12.632979,-1.058636,1,1980-10-01
3.218421,12.631579,-3.165294,1,1980-11-01
6.546294,12.353706,-6.055909,1,1980-12-01
7.285128,11.794872,-6.511429,1,1981-01-01
4.537595,11.392405,-2.735556,1,1981-02-01
4.088265,10.611735,-1.584091,1,1981-03-01
5.58403,10.13597,-2.040476,1,1981-04-01
8.728078,9.791922,-4.4205,1,1981-05-01
9.40303,9.69697,-5.627727,1,1981-06-01
8.265182,10.774818,-4.759091,1,1981-07-01
7.002692,10.817308,-2.882857,1,1981-08-01
4.904565,10.965435,-0.54619,1,1981-09-01
4.808453,10.271547,0.068095,1,1981-10-01
3.730561,9.579439,0.082778,1,1981-11-01
3.457963,8.912037,1.354545,0,1981-12-01
4.963119,8.256881,1.374,0,1982-01-01
7.166364,7.613636,-0.354444,0,1982-02-01
7.795124,6.884876,-0.818696,0,1982-03-01
8.318227,6.621773,-1.068095,0,1982-04-01
7.538071,6.911929,-0.8275,0,1982-05-01
6.96768,7.18232,0.149545,0,1982-06-01
6.032623,6.557377,1.35619,0,1982-07-01
4.154707,5.965293,2.935,0,1982-08-01
5.369076,4.940924,2.029048,0,1982-09-01
4.67788,5.03212,1.1965,0,1982-10-01
4.722388,4.477612,1.350526,0,1982-11-01
5.124283,3.825717,1.59,0,1982-12-01
4.972373,3.707627,1.777143,0,1983-01-01
5.025312,3.484688,2.214737,0,1983-02-01
5.179715,3.590285,1.736522,0,1983-03-01
4.8,4.0,1.6,0,1983-04-01
5.188916,3.441084,1.75,0,1983-05-01
6.505773,2.474227,1.868636,0,1983-06-01
7.011026,2.358974,2.007,0,1983-07-01
7.103501,2.456499,2.286087,0,1983-08-01
6.686438,2.763562,2.20381,0,1983-09-01
6.727706,2.752294,2.061,0,1983-10-01
6.176735,3.163265,2.35,0,1983-11-01
5.682897,3.787103,2.359524,0,1983-12-01
5.269908,4.290092,2.114286,0,1984-01-01
4.896122,4.693878,2.252105,0,1984-02-01
5.017034,4.892966,2.409091,0,1984-03-01
5.735344,4.554656,2.3435,0,1984-04-01
5.985323,4.334677,3.088636,0,1984-05-01
6.734044,4.325956,2.502857,0,1984-06-01
6.921383,4.308617,2.132381,0,1984-07-01
7.344296,4.295704,1.076087,0,1984-08-01
7.017131,4.282869,1.222632,0,1984-09-01
5.724127,4.265873,2.170455,0,1984-10-01
5.275697,4.154303,2.142632,0,1984-11-01
4.336607,4.043393,3.1195,0,1984-12-01
4.824045,3.525955,3.034286,0,1985-01-01
4.893762,3.606238,3.008889,0,1985-02-01
4.789913,3.790087,3.275238,0,1985-03-01
4.688199,3.581801,3.164762,0,1985-04-01
4.395121,3.574879,2.876818,0,1985-05-01
3.865583,3.664417,2.626,0,1985-06-01
4.421787,3.458213,2.426818,0,1985-07-01
4.54751,3.35249,2.431818,0,1985-08-01
4.672627,3.247373,2.453158,0,1985-09-01
4.754986,3.235014,2.246818,0,1985-10-01
4.53623,3.51377,1.731579,0,1985-11-01
4.478531,3.791469,0.989048,0,1985-12-01
4.16649,3.97351,1.05381,0,1986-01-01
4.661505,3.198495,0.844211,0,1986-02-01
5.326442,2.153558,0.2985,0,1986-03-01
5.401215,1.588785,0.309091,0,1986-04-01
5.170896,1.679104,0.859524,0,1986-05-01
5.152558,1.767442,0.879524,0,1986-06-01
4.888691,1.671309,0.743182,0,1986-07-01
4.594467,1.575533,0.995714,0,1986-08-01
4.132368,1.757632,1.557619,0,1986-09-01
4.28318,1.56682,1.576364,0,1986-10-01
4.755596,1.284404,1.210556,0,1986-11-01
5.722785,1.187215,0.202727,0,1986-12-01
5.065123,1.364877,0.6545,0,1987-01-01
4.185688,1.914312,1.150526,0,1987-02-01
3.28857,2.84143,1.118636,0,1987-03-01
2.690147,3.679853,1.652857,0,1987-04-01
3.180275,3.669725,1.763,0,1987-05-01
2.982285,3.747715,1.672273,0,1987-06-01
2.653059,3.926941,1.866818,0,1987-07-01
2.441679,4.288321,2.030476,0,1987-08-01
2.947273,4.272727,2.201905,0,1987-09-01
2.934283,4.355717,2.23,0,1987-10-01
2.161014,4.528986,2.170526,0,1987-11-01
2.43787,4.33213,2.217727,0,1987-12-01
2.700736,4.129264,1.835789,0,1988-01-01
2.644401,3.935599,1.632,0,1988-02-01
2.747558,3.832442,1.793478,0,1988-03-01
2.877098,3.992902,1.8485,0,1988-04-01
3.107699,3.982301,1.999048,0,1988-05-01
3.545242,3.964758,1.411364,0,1988-06-01
3.619947,4.130053,1.306,0,1988-07-01
3.898014,4.111986,1.250435,0,1988-08-01
4.00517,4.18483,0.787143,0,1988-09-01
4.03913,4.26087,0.4955,0,1988-10-01
4.103899,4.246101,0.6125,0,1988-11-01
4.348235,4.411765,0.345714,0,1988-12-01
4.637241,4.482759,-0.0285,0,1989-01-01
4.71284,4.64716,-0.191053,0,1989-02-01
4.957296,4.892704,-0.492273,0,1989-03-01
4.80587,5.03413,-0.6645,0,1989-04-01
4.533404,5.276596,-0.950909,0,1989-05-01
4.360508,5.169492,-1.252727,0,1989-06-01
4.176709,5.063291,-1.2215,0,1989-07-01
4.368151,4.621849,-0.877391,0,1989-08-01
4.584854,4.435146,-0.8295,0,1989-09-01
4.252844,4.587156,-0.832381,0,1989-10-01
3.894971,4.655029,-0.675714,0,1989-11-01
3.810398,4.639602,-0.614,0,1989-12-01
3.03198,5.19802,-0.023333,0,1990-01-01
2.976842,5.263158,0.233158,0,1990-02-01
3.042684,5.237316,0.308636,0,1990-03-01
3.548383,4.711617,0.5255,0,1990-04-01
3.8146,4.3654,0.578182,0,1990-05-01
3.61635,4.67365,0.19,0,1990-06-01
3.330723,4.819277,0.321429,0,1990-07-01
2.427189,5.702811,0.622609,0,1990-08-01
2.030128,6.169872,0.693158,0,1990-09-01
1.730415,6.379585,0.609545,0,1990-10-01
1.614607,6.195393,0.582,0,1990-11-01
1.055051,6.254949,0.765,0,1990-12-01
1.262941,5.647059,1.181905,0,1991-01-01
0.9375,5.3125,1.604737,2,1991-02-01
1.298849,4.821151,1.99,2,1991-03-01
1.10007,4.80993,2.129091,2,1991-04-01
0.745143,5.034857,2.287727,2,1991-05-01
1.20408,4.69592,2.384,2,1991-06-01
1.452184,4.367816,2.452727,2,1991-07-01
1.860608,3.799392,2.24,0,1991-08-01
2.053774,3.396226,2.2,0,1991-09-01
2.361424,2.848576,2.317273,0,1991-10-01
1.743433,3.066567,2.607368,2,1991-11-01
1.449374,2.980626,2.658571,2,1991-12-01
1.357394,2.672606,3.002381,2,1992-01-01
1.241009,2.818991,3.277895,2,1992-02-01
0.790089,3.189911,3.562273,2,1992-03-01
0.547172,3.182828,3.750476,2,1992-04-01
0.796401,3.023599,3.572,2,1992-05-01
0.745294,3.014706,3.501818,2,1992-06-01
0.092878,3.157122,3.594545,2,1992-07-01
0.225329,3.074671,3.285714,2,1992-08-01
0.227299,2.992701,3.195238,2,1992-09-01
-0.1798829999999999,3.279883,3.489048,2,1992-10-01
-0.030464,3.120464,3.783158,2,1992-11-01
-0.046715,2.966715,3.85,2,1992-12-01
-0.233796,3.253796,3.58,2,1993-01-01
-0.216753,3.246753,3.228947,2,1993-02-01
0.05059,3.01941,2.905217,2,1993-03-01
-0.196385,3.156385,3.009524,2,1993-04-01
-0.221188,3.221188,3.0355,2,1993-05-01
0.042141,2.997859,2.922727,2,1993-06-01
0.213025,2.846975,2.745238,2,1993-07-01
0.189091,2.840909,2.647727,2,1993-08-01
0.3260029999999999,2.763997,2.27,2,1993-09-01
0.237706,2.752294,2.344,2,1993-10-01
0.2754539999999999,2.744546,2.704,2,1993-11-01
0.149037,2.810963,2.814091,2,1993-12-01
0.59902,2.45098,2.7005,2,1994-01-01
0.734277,2.515723,2.723158,2,1994-02-01
0.688221,2.651779,3.142609,2,1994-03-01
1.195605,2.364395,3.412105,2,1994-04-01
1.721512,2.288488,3.173333,2,1994-05-01
1.755198,2.494802,2.851364,2,1994-06-01
1.561038,2.698962,3.038,2,1994-07-01
1.569448,2.900552,2.766087,2,1994-08-01
1.764483,2.965517,2.727143,2,1994-09-01
2.15011,2.60989,2.984,2,1994-10-01
2.68726,2.60274,2.665,0,1994-11-01
2.852597,2.597403,2.36381,0,1994-12-01
2.659187,2.870813,2.2495,0,1995-01-01
3.057014,2.862986,1.549474,0,1995-02-01
3.19278,2.78722,1.224783,0,1995-03-01
2.925,3.125,1.012632,0,1995-04-01
2.891356,3.118644,0.622727,0,1995-05-01
2.957404,3.042596,0.168182,0,1995-06-01
3.019811,2.830189,0.428,0,1995-07-01
3.12255,2.61745,0.748261,0,1995-08-01
3.254789,2.545211,0.3975,0,1995-09-01
3.015689,2.744311,0.284762,0,1995-10-01
3.196529,2.603471,0.130476,0,1995-11-01
3.068354,2.531646,0.1115,0,1995-12-01
2.769302,2.790698,0.092381,0,1996-01-01
2.502969,2.717031,0.5855,0,1996-02-01
2.466085,2.843915,0.958571,0,1996-03-01
2.387325,2.832675,1.291364,0,1996-04-01
2.412913,2.827087,1.496818,0,1996-05-01
2.448478,2.821522,1.642,0,1996-06-01
2.516645,2.883355,1.465455,0,1996-07-01
2.407704,2.812296,1.415455,0,1996-08-01
2.295428,3.004572,1.532,0,1996-09-01
2.178111,3.061889,1.293636,0,1996-10-01
2.05691,3.25309,0.893684,0,1996-11-01
1.911183,3.378817,1.012381,0,1996-12-01
2.211862,3.038138,1.329048,0,1997-01-01
2.157742,3.032258,1.229474,0,1997-02-01
2.624727,2.765273,1.3045,0,1997-03-01
3.075663,2.434337,1.375455,0,1997-04-01
3.262148,2.237852,1.210952,0,1997-05-01
3.326433,2.233567,0.93381,0,1997-06-01
3.354395,2.165605,0.700455,0,1997-07-01
3.249924,2.290076,0.758571,0,1997-08-01
3.320596,2.219404,0.668571,0,1997-09-01
3.414033,2.085967,0.529545,0,1997-10-01
3.629641,1.890359,0.355,0,1997-11-01
3.802954,1.697046,0.308636,0,1997-12-01
3.928883,1.631117,-0.0155,0,1998-01-01
4.0698,1.4402,0.064737,0,1998-02-01
4.113279,1.376721,0.157273,0,1998-03-01
4.011601,1.438399,0.187619,0,1998-04-01
3.801445,1.688555,0.1625,0,1998-05-01
3.937029,1.622971,-0.063636,0,1998-06-01
3.794364,1.745636,-0.078636,0,1998-07-01
3.933085,1.616915,-0.208095,0,1998-08-01
4.083201,1.426799,-0.703333,0,1998-09-01
3.583932,1.486068,-0.54,0,1998-10-01
3.34577,1.48423,-0.002632,0,1998-11-01
3.073078,1.606922,-0.035,0,1998-12-01
2.963333,1.666667,0.092105,0,1999-01-01
3.093333,1.666667,0.2389469999999999,0,1999-02-01
3.081605,1.728395,0.422609,0,1999-03-01
2.458866,2.281134,0.444545,0,1999-04-01
2.648979,2.091021,0.7995,0,1999-05-01
2.794398,1.965602,1.139545,0,1999-06-01
2.845392,2.144608,0.801905,0,1999-07-01
2.805618,2.264382,0.869091,0,1999-08-01
2.590031,2.629969,0.695238,0,1999-09-01
2.637462,2.562538,0.912,0,1999-10-01
2.799647,2.620353,0.614,0,1999-11-01
2.623601,2.676399,0.975455,0,1999-12-01
2.657043,2.792957,1.211,0,2000-01-01
2.512028,3.217972,0.7895,0,2000-02-01
2.087864,3.762136,0.4065219999999999,0,2000-03-01
3.006136,3.013864,-0.029474,0,2000-04-01
3.13747,3.13253,0.170455,0,2000-05-01
2.79506,3.73494,-0.432727,0,2000-06-01
2.94072,3.59928,-0.4859999999999999,0,2000-07-01
3.148713,3.351287,-0.673913,0,2000-08-01
3.063504,3.456496,-0.721,0,2000-09-01
3.059673,3.450327,-0.771429,0,2000-10-01
3.065819,3.444181,-0.792857,0,2000-11-01
2.963981,3.436019,-1.1595,0,2000-12-01
2.258795,3.721205,-0.819048,0,2001-01-01
1.960588,3.529412,-0.3910529999999999,0,2001-02-01
2.327544,2.982456,-0.424545,0,2001-03-01
1.581744,3.218256,0.341,0,2001-04-01
0.646916,3.563084,1.181364,2,2001-05-01
0.776039,3.193961,1.314286,2,2001-06-01
1.048518,2.721482,1.46619,0,2001-07-01
0.928518,2.721482,1.321304,0,2001-08-01
0.477834,2.592166,1.661765,2,2001-09-01
0.36234,2.12766,2.076818,2,2001-10-01
0.1956259999999999,1.894374,2.5615,2,2001-11-01
0.216334,1.603666,3.2675,2,2001-12-01
0.5341,1.1959,3.305714,2,2002-01-01
0.603636,1.136364,3.171579,2,2002-02-01
0.367138,1.362862,3.554,2,2002-03-01
0.106009,1.643991,3.460909,2,2002-04-01
0.509165,1.240835,3.414545,2,2002-05-01
0.680782,1.069218,3.1765,2,2002-06-01
0.264386,1.465614,2.923182,2,2002-07-01
-0.007463,1.747463,2.517273,2,2002-08-01
0.233998,1.516002,2.12,2,2002-09-01
-0.277027,2.027027,2.190909,2,2002-10-01
-0.913521,2.253521,2.708421,2,2002-11-01
-1.240271,2.480271,2.792381,2,2002-12-01
-1.517456,2.757456,2.808571,2,2003-01-01
-1.886067,3.146067,2.642632,2,2003-02-01
-1.77521,3.02521,2.557143,2,2003-03-01
-0.915125,2.175125,2.698571,2,2003-04-01
-0.63415,1.89415,2.309048,2,2003-05-01
-0.728775,1.948775,2.114286,2,2003-06-01
-1.045556,2.055556,2.965455,2,2003-07-01
-1.186066,2.216066,3.415238,2,2003-08-01
-1.368319,2.378319,3.264286,2,2003-09-01
-1.031943,2.041943,3.280455,2,2003-10-01
-0.928375,1.928375,3.3,2,2003-11-01
-1.055204,2.035204,3.287727,2,2003-12-01
-1.026287,2.026287,3.1505,2,2004-01-01
-0.678453,1.688453,3.074211,2,2004-02-01
-0.740076,1.740076,2.826522,2,2004-03-01
-1.292576,2.292576,3.347619,2,2004-04-01
-1.897758,2.897758,3.7155,2,2004-05-01
-2.137668,3.167668,3.70381,2,2004-06-01
-1.679575,2.939575,3.238095,2,2004-07-01
-1.117425,2.547425,2.851364,2,2004-08-01
-0.929168,2.539168,2.515714,2,2004-09-01
-1.430914,3.190914,2.337,2,2004-10-01
-1.691622,3.621622,2.264,2,2004-11-01
-1.182318,3.342318,2.070909,2,2004-12-01
-0.564874,2.844874,1.9415,2,2005-01-01
-0.553026,3.053026,1.665263,2,2005-02-01
-0.576841,3.206841,1.867727,2,2005-03-01
-0.571793,3.361793,1.550952,2,2005-04-01
0.1307119999999999,2.869288,1.144286,2,2005-05-01
0.498973,2.541027,0.958182,0,2005-06-01
0.19284,3.06716,0.9175,2,2005-07-01
-0.146934,3.646934,0.762609,2,2005-08-01
-1.121834,4.741834,0.579048,2,2005-09-01
-0.570105,4.350105,0.6835,2,2005-10-01
0.66145,3.33855,0.535,0,2005-11-01
0.82145,3.33855,0.307143,0,2005-12-01
0.2712109999999999,4.018789,0.126,0,2006-01-01
0.851746,3.638254,0.078947,0,2006-02-01
1.172082,3.417918,0.133913,0,2006-03-01
1.176164,3.613836,0.200526,0,2006-04-01
0.962727,3.977273,0.17,0,2006-05-01
0.808276,4.181724,0.116364,0,2006-06-01
1.135331,4.104669,-0.1525,0,2006-07-01
1.323432,3.926568,-0.373478,0,2006-08-01
3.237928,2.012072,-0.531,0,2006-09-01
3.843672,1.406328,-0.520952,0,2006-10-01
3.281297,1.968703,-0.654762,0,2006-11-01
2.716022,2.523978,-0.6755,0,2006-12-01
3.174235,2.075765,-0.490476,0,2007-01-01
2.839739,2.420261,-0.537368,0,2007-02-01
2.461803,2.798197,-0.695455,0,2007-03-01
2.657075,2.592925,-0.55619,0,2007-04-01
2.540114,2.709886,-0.503636,0,2007-05-01
2.557235,2.692765,-0.147143,0,2007-06-01
2.942109,2.317891,-0.255714,0,2007-07-01
3.122552,1.897448,-0.345217,0,2007-08-01
2.106174,2.833826,-0.4184209999999999,0,2007-09-01
1.149302,3.610698,-0.232273,0,2007-10-01
0.116733,4.373267,-0.3415,0,2007-11-01
0.131187,4.108813,-0.1424999999999999,0,2007-12-01
-0.354696,4.294696,-0.195714,0,2008-01-01
-1.162959,4.142959,0.7575,2,2008-02-01
-1.364904,3.974904,0.9,2,2008-03-01
-1.623761,3.903761,1.395,2,2008-04-01
-2.108414,4.088414,1.9,2,2008-05-01
-2.935966,4.935966,2.099524,2,2008-06-01
-3.487512,5.497512,1.997727,2,2008-07-01
-3.308017,5.308017,1.885714,2,2008-08-01
-3.14332,4.95332,1.87619,2,2008-09-01
-2.761058,3.731058,2.844091,2,2008-10-01
-0.709917,1.099917,3.136667,2,2008-11-01
0.182228,-0.022228,2.256364,2,2008-12-01
0.263586,-0.113586,2.3675,2,2009-01-01
0.211537,0.008463,2.65,2,2009-02-01
0.626479,-0.446479,2.639545,2,2009-03-01
0.726324,-0.576324,2.777143,2,2009-04-01
1.195761,-1.015761,3.113,2,2009-05-01
1.439175,-1.229175,3.511818,2,2009-06-01
2.118761,-1.958761,3.402273,2,2009-07-01
1.643836,-1.483836,3.427143,2,2009-08-01
1.527943,-1.377943,3.251905,2,2009-09-01
0.343968,-0.223968,3.267619,2,2009-10-01
-1.794587,1.914587,3.282632,2,2009-11-01
-2.694123,2.814123,3.47,2,2009-12-01
-2.511111,2.621111,3.623158,2,2010-01-01
-2.021336,2.151336,3.561053,2,2010-02-01
-2.126171,2.286171,3.567391,2,2010-03-01
-2.006771,2.206771,3.646818,2,2010-04-01
-1.803549,2.003549,3.22,2,2010-05-01
-0.941561,1.121561,3.024091,2,2010-06-01
-1.160778,1.340778,2.831429,2,2010-07-01
-0.960178,1.150178,2.508636,2,2010-08-01
-0.928312,1.118312,2.457619,2,2010-09-01
-0.976695,1.166695,2.35,2,2010-10-01
-0.894545,1.084545,2.573,2,2010-11-01
-1.257793,1.437793,3.110909,2,2010-12-01
-1.530783,1.700783,3.224,2,2011-01-01
-1.964898,2.124898,3.416316,2,2011-02-01
-2.479242,2.619242,3.274348,2,2011-03-01
-2.977234,3.077234,3.355,2,2011-04-01
-3.368972,3.458972,3.078571,2,2011-05-01
-3.412318,3.502318,2.912273,2,2011-06-01
-3.509881,3.579881,2.933,2,2011-07-01
-3.654996,3.754996,2.203043,2,2011-08-01
-3.732622,3.812622,1.895238,2,2011-09-01
-3.452268,3.522268,2.082,2,2011-10-01
-3.371432,3.451432,1.9335,2,2011-11-01
-2.992067,3.062067,1.908095,2,2011-12-01
-2.928766,3.008766,1.8865,2,2012-01-01
-2.798178,2.898178,1.8675,2,2012-02-01
-2.452875,2.582875,2.042727,2,2012-03-01
-2.133163,2.273163,1.912857,2,2012-04-01
-1.577943,1.737943,1.643182,2,2012-05-01
-1.49387,1.65387,1.462381,2,2012-06-01
-1.257511,1.417511,1.366667,2,2012-07-01
-1.555935,1.685935,1.548261,2,2012-08-01
-1.809717,1.949717,1.583158,2,2012-09-01
-1.995678,2.155678,1.58619,2,2012-10-01
-1.63602,1.79602,1.494,2,2012-11-01
-1.599505,1.759505,1.559,2,2012-12-01
-1.544062,1.684062,1.774762,2,2013-01-01
-1.86814,2.01814,1.834211,2,2013-02-01
-1.378747,1.518747,1.8175,2,2013-03-01
-0.988808,1.138808,1.609091,2,2013-04-01
-1.280389,1.390389,1.818182,2,2013-05-01
-1.625794,1.715794,2.21,2,2013-06-01
-1.795472,1.885472,2.492273,2,2013-07-01
-1.458809,1.538809,2.657273,2,2013-08-01
-1.014734,1.094734,2.7295,2,2013-09-01
-0.786799,0.876799,2.525909,2,2013-10-01
-1.15287,1.23287,2.638421,2,2013-11-01
-1.422838,1.512838,2.811905,2,2013-12-01
-1.487759,1.557759,2.788095,2,2014-01-01
-1.050475,1.120475,2.639474,2,2014-02-01
-1.532695,1.612695,2.643333,2,2014-03-01
-1.925125,2.015125,2.615238,2,2014-04-01
-2.076948,2.166948,2.469048,2,2014-05-01
-1.958982,2.058982,2.498571,2,2014-06-01
-1.884238,1.974238,2.452273,2,2014-07-01
-1.625098,1.715098,2.33,2,2014-08-01
-1.594051,1.684051,2.444286,2,2014-09-01
-1.519542,1.609542,2.214091,2,2014-10-01
-1.141525,1.231525,2.235556,2,2014-11-01
-0.533121,0.653121,2.087273,2,2014-12-01
0.3399309999999999,-0.229931,1.7715,2,2015-01-01
0.197031,-0.087031,1.865263,2,2015-02-01
0.132031,-0.0220309999999999,1.932727,2,2015-03-01
0.224031,-0.104031,1.815,2,2015-04-01
0.084967,0.035033,2.0775,2,2015-05-01
-0.049572,0.179572,2.233636,2,2015-06-01
-0.0956859999999999,0.225686,2.194545,2,2015-07-01
-0.101304,0.241304,2.027143,2,2015-08-01
0.131157,0.008843,2.032857,2,2015-09-01
-0.007617,0.127617,1.95,2,2015-10-01
-0.316318,0.436318,2.143158,2,2015-11-01
-0.398725,0.638725,2.002727,2,2015-12-01
-0.897503,1.237503,1.745263,2,2016-01-01
-0.467278,0.847278,1.3995,2,2016-02-01
-0.531616,0.891616,1.529091,2,2016-03-01
-0.802626,1.172626,1.435238,2,2016-04-01
-0.708476,1.078476,1.43619,2,2016-05-01
-0.699287,1.079287,1.264091,2,2016-06-01
-0.478363,0.868363,1.114,2,2016-07-01
-0.655316,1.055316,1.156522,2,2016-08-01
-1.148645,1.548645,1.230476,2,2016-09-01
-1.285925,1.685925,1.3645,2,2016-10-01
-1.274333,1.684333,1.732,2,2016-11-01
-1.510799,2.050799,1.951905,2,2016-12-01
-1.860393,2.510393,1.7825,2,2017-01-01
-2.150362,2.810362,1.758947,2,2017-02-01
-1.651196,2.441196,1.691739,2,2017-03-01
-1.276223,2.176223,1.397368,2,2017-04-01
-0.946343,1.856343,1.393636,2,2017-05-01
-0.600566,1.640566,1.146818,2,2017-06-01
-0.575107,1.725107,1.168,2,2017-07-01
-0.768122,1.928122,1.04913,2,2017-08-01
-1.030565,2.180565,1.052,2,2017-09-01
-0.870758,2.020758,1.21,2,2017-10-01
-1.012494,2.172494,1.193333,2,2017-11-01
-0.829931,2.129931,1.1025,2,2017-12-01
-0.741319,2.151319,1.17381,2,2018-01-01
-0.843469,2.263469,1.438947,2,2018-02-01
-0.82095,2.33095,1.332381,2,2018-03-01
-0.780996,2.470996,1.179048,2,2018-04-01
-1.081922,2.781922,1.277727,2,2018-05-01
-0.987551,2.807551,1.092381,2,2018-06-01
-0.944125,2.854125,0.979048,2,2018-07-01
-0.732924,2.642924,0.97913,2,2018-08-01
-0.3820549999999999,2.332055,1.054211,2,2018-09-01
-0.302032,2.492032,0.962273,2,2018-10-01
0.052671,2.147329,0.917,2,2018-11-01
0.267619,2.002381,0.562632,0,2018-12-01
0.912411,1.487589,0.31381,0,2019-01-01
0.881138,1.518862,0.276316,0,2019-02-01
0.526814,1.883186,0.160952,0,2019-03-01
0.4194169999999999,2.000583,0.1123809999999999,0,2019-04-01
0.594089,1.795911,0.005,0,2019-05-01
0.708805,1.671195,-0.3059999999999999,0,2019-06-01
0.573669,1.826331,-0.340909,0,2019-07-01
0.392359,1.737641,-0.503636,0,2019-08-01
0.355502,1.684498,-0.3405,0,2019-09-01
0.096026,1.733974,-0.123182,0,2019-10-01
-0.54229,2.09229,0.262105,2,2019-11-01
-0.769527,2.319527,0.312857,2,2019-12-01
-1.049768,2.599768,0.207619,2,2020-01-01
-0.761317,2.341317,-0.075789,2,2020-02-01
-0.84404,1.49404,0.22,2,2020-03-01
-0.263047,0.313047,0.607619,2,2020-04-01
-0.148201,0.198201,0.624,2,2020-05-01
-0.636656,0.716656,0.648636,2,2020-06-01
-0.906865,0.996865,0.533636,2,2020-07-01
-1.18107,1.28107,0.55,2,2020-08-01
-1.301023,1.391023,0.589524,2,2020-09-01
-1.140386,1.230386,0.697143,2,2020-10-01
-1.085745,1.175745,0.78,2,2020-11-01
-1.230419,1.320419,0.843636,2,2020-12-01
-1.26532,1.35532,0.991053,2,2021-01-01
-1.587502,1.667502,1.177895,2,2021-02-01
-2.553646,2.623646,1.54087,2,2021-03-01
-4.067373,4.137373,1.565,2,2021-04-01
-4.866467,4.926467,1.561,2,2021-05-01
-5.237419,5.317419,1.439091,2,2021-06-01
-5.169168,5.269168,1.218571,2,2021-07-01
-5.091323,5.181323,1.193182,2,2021-08-01
-5.283523,5.363523,1.294762,2,2021-09-01
-6.146591,6.226591,1.5025,2,2021-10-01
-6.78556,6.86556,1.4795,2,2021-11-01
-7.079457,7.159457,1.385,2,2021-12-01
-7.498082,7.578082,1.684,2,2022-01-01
-7.869221,7.949221,1.854211,2,2022-02-01
-8.34078,8.54078,1.927826,2,2022-03-01
-7.905162,8.235162,2.4175,2,2022-04-01
-7.760052,8.530052,2.128095,2,2022-05-01
-7.789298,8.999298,1.933333,2,2022-06-01
-6.767778,8.447778,1.216,2,2022-07-01
-5.886255,8.216255,0.567826,2,2022-08-01
-5.645752,8.205752,0.959048,2,2022-09-01
-4.677261,7.757261,0.9035,2,2022-10-01
-3.35138,7.13138,0.111,2,2022-11-01
-2.310832,6.410832,-0.48381,2,2022-12-01
-2.010296,6.340296,-0.7985,2,2023-01-01
-1.387649,5.957649,-0.823158,0,2023-02-01
-0.281349,4.931349,-0.986957,0,2023-03-01
-0.116947,4.946947,-1.37,0,2023-04-01
0.934685,4.125315,-1.486364,0,2023-05-01
2.020747,3.059253,-1.331905,0,2023-06-01
1.839672,3.280328,-1.2205,0,2023-07-01
1.611364,3.718636,-1.162174,0,2023-08-01
1.634918,3.695082,-0.951,0,2023-09-01
2.083462,3.246538,-0.531905,0,2023-10-01
2.190144,3.139856,-0.827143,0,2023-11-01
2.0078,3.3222,-1.31,0,2023-12-01
2.222057,3.107943,-1.271905,0,2024-01-01
2.163579,3.166421,-1.1225,0,2024-02-01
1.860999,3.469001,-1.1215,0,2024-03-01
1.975953,3.354047,-0.790909,0,2024-04-01
2.091134,3.238866,-0.847727,0,2024-05-01
2.359915,2.970085,-1.024737,0,2024-06-01
2.391537,2.938463,-1.081364,0,2024-07-01
2.719086,2.610914,-1.459091,0,2024-08-01
2.697459,2.432541,-1.4065,0,2024-09-01
2.258597,2.571403,-0.734545,0,2024-10-01
1.925832,2.714168,-0.284211,0,2024-11-01
1.607634,2.872366,-0.088571,0,2024-12-01
1.330587,2.999413,0.2990479999999999,0,2025-01-01
1.51573,2.81427,0.1210529999999999,0,2025-02-01
1.924415,2.405585,-0.0495239999999999,0,2025-03-01
1.996253,2.333747,-0.0509519999999999,0,2025-04-01
1.954066,2.375934,0.09381,0,2025-05-01
1.657317,2.672683,0.0535,0,2025-06-01
1.598199,2.731801,0.061818,0,2025-07-01
1.39078,2.93922,-0.065238,0,2025-08-01
1.1973,3.0227,-0.099524,0,2025-09-01
1.168031,2.711969,0.213889,0,2025-11-01
1.066688,2.653312,0.423182,0,2025-12-01
